Date,Open,High,Low,Close,Volume
2015-08-11,6.13,6.13,5.95,6.04,435117
2015-08-12,5.9,6.17,5.82,5.89,439683
2015-08-13,5.84,6.02,5.79,6.0,292051
2015-08-14,6.02,6.19,6.01,6.18,539115
2015-08-17,6.15,6.31,6.05,6.28,498835
2015-08-18,6.27,6.27,5.65,5.68,562813
2015-08-19,5.48,5.88,5.42,5.81,335504
2015-08-20,5.76,5.98,5.68,5.71,317112
2015-08-21,5.52,5.67,5.21,5.35,255631
2015-08-24,5.15,5.15,4.82,4.82,228512
2015-08-25,4.36,4.54,4.34,4.34,239954
2015-08-26,4.41,4.55,4.01,4.14,351504
2015-08-27,4.22,4.42,4.08,4.39,220959
2015-08-28,4.46,4.76,4.39,4.75,282851
2015-08-31,4.7,4.7,4.5,4.55,206699
2015-09-01,4.56,4.56,4.25,4.39,173419
2015-09-02,4.23,4.49,4.19,4.29,182967
2015-09-07,4.3,4.54,4.3,4.38,177457
2015-09-08,4.36,4.58,4.33,4.55,140870
2015-09-09,4.61,5.01,4.54,5.01,468342
2015-09-10,4.97,4.97,4.74,4.76,370947
2015-09-11,4.71,4.83,4.64,4.76,162698
2015-09-14,4.81,4.85,4.28,4.36,228893
2015-09-15,4.26,4.39,4.15,4.23,156099
2015-09-16,4.24,4.65,4.24,4.55,194707
2015-09-17,4.5,4.67,4.35,4.36,211495
2015-09-18,4.44,4.47,4.36,4.42,117717
2015-09-21,4.37,4.6,4.32,4.59,145953
2015-09-22,4.59,4.65,4.53,4.61,167999
2015-09-23,4.52,4.55,4.42,4.47,127315
2015-09-24,4.49,4.56,4.48,4.54,107283
2015-09-25,4.5,4.52,4.36,4.4,106794
2015-09-28,4.41,4.45,4.34,4.44,56848
2015-09-29,4.39,4.4,4.31,4.34,68515
2015-09-30,4.37,4.48,4.37,4.41,90792
2015-10-08,4.55,4.57,4.46,4.55,151215
2015-10-09,4.54,4.63,4.49,4.59,161599
2015-10-12,4.6,4.81,4.58,4.78,252878
2015-10-13,4.73,4.82,4.7,4.8,189502
2015-10-14,4.76,4.8,4.64,4.65,183741
2015-10-15,4.61,4.8,4.6,4.78,164831
2015-10-16,4.81,4.9,4.77,4.89,294341
2015-10-19,4.9,4.93,4.78,4.81,223237
2015-10-20,4.8,4.86,4.76,4.85,162533
2015-10-21,4.85,4.93,4.51,4.58,319367
2015-10-22,4.58,4.72,4.52,4.7,163527
2015-10-23,4.71,4.81,4.67,4.8,186536
2015-10-26,4.87,4.89,4.77,4.83,191759
2015-10-27,4.8,4.86,4.59,4.83,225293
2015-10-28,4.78,4.83,4.64,4.69,160890
2015-10-29,4.7,4.77,4.68,4.74,103655
2015-10-30,4.73,4.77,4.63,4.71,121751
2015-11-02,4.67,4.8,4.63,4.72,158934
2015-11-03,4.66,4.74,4.64,4.7,94213
2015-11-04,4.69,5.17,4.68,5.1,477714
2015-11-05,5.13,5.25,4.97,5.08,619807
2015-11-06,5.01,5.19,5.0,5.18,436867
2015-11-09,5.16,5.24,5.11,5.18,381893
2015-11-10,5.15,5.19,5.07,5.15,223373
2015-11-11,5.16,5.17,5.1,5.15,170814
2015-11-12,5.16,5.18,5.07,5.12,166166
2015-11-13,5.09,5.1,5.0,5.01,209577
2015-11-16,4.93,5.18,4.9,5.12,183395
2015-11-17,5.12,5.26,5.06,5.08,304866
2015-11-18,5.1,5.12,5.01,5.06,116058
2015-11-19,5.08,5.23,5.03,5.16,208820
2015-11-20,5.14,5.19,5.11,5.18,210500
2015-11-23,5.2,5.23,5.06,5.09,224852
2015-11-24,5.08,5.12,5.04,5.12,102649
2015-11-25,5.1,5.12,5.05,5.11,132036
2015-11-26,5.12,5.18,5.09,5.16,234114
2015-11-27,5.13,5.33,4.91,4.97,435030
2015-11-30,4.99,5.0,4.71,4.9,196054
2015-12-01,4.87,5.04,4.86,4.96,145642
2015-12-02,4.96,5.03,4.85,5.01,151467
2015-12-03,5.01,5.07,4.97,5.05,180330
2015-12-04,5.01,5.23,5.0,5.18,359489
2015-12-07,5.14,5.18,5.08,5.15,181359
2015-12-08,5.11,5.14,4.97,4.98,180798
2015-12-09,4.95,4.99,4.9,4.91,110577
2015-12-10,4.9,4.93,4.86,4.87,105418
2015-12-11,4.85,4.9,4.83,4.88,61484
2015-12-14,4.87,5.02,4.83,4.98,102157
2015-12-15,5.0,5.17,4.92,5.13,220058
2015-12-16,5.11,5.19,5.1,5.13,306907
2015-12-17,5.17,5.2,5.13,5.18,254911
2015-12-18,5.19,5.68,5.14,5.45,593672
2015-12-21,5.4,6.0,5.4,5.96,1161547
2015-12-22,5.8,5.85,5.66,5.75,510870
2015-12-23,5.76,5.91,5.66,5.77,416732
2015-12-24,5.69,5.78,5.49,5.7,238638
2015-12-25,5.66,5.88,5.66,5.81,202168
2015-12-28,5.75,6.05,5.68,5.69,374832
2015-12-29,5.69,5.92,5.64,5.88,245913
2015-12-30,5.91,6.09,5.81,5.9,352465
2015-12-31,5.9,6.06,5.83,5.97,297433
2016-01-04,5.94,5.95,5.37,5.37,261902
2016-01-05,5.11,5.39,4.93,5.19,432988
2016-01-06,5.19,5.44,5.11,5.42,416315
2016-01-07,5.27,5.27,4.88,4.88,74610
2016-01-08,5.02,5.1,4.61,4.92,361765
2016-01-11,4.8,4.85,4.51,4.53,249673
2016-01-12,4.54,4.62,4.41,4.55,122081
2016-01-13,4.6,4.62,4.4,4.42,146892
2016-01-14,4.26,4.52,4.15,4.5,171292
2016-01-15,4.48,4.5,4.29,4.35,138942
2016-01-18,4.24,4.43,4.22,4.36,72327
2016-01-19,4.36,4.61,4.32,4.56,146849
2016-01-20,4.54,4.6,4.48,4.55,99454
2016-01-21,4.49,4.57,4.31,4.34,103956
2016-01-22,4.39,4.42,4.19,4.38,84198
2016-01-25,4.42,4.44,4.36,4.41,59709
2016-01-26,4.36,4.37,3.97,4.01,127378
2016-01-27,4.06,4.08,3.76,3.96,131735
2016-01-28,3.91,4.05,3.85,3.87,104092
2016-01-29,3.85,4.01,3.81,3.99,132091
2016-02-01,3.98,4.03,3.9,3.98,66921
2016-02-02,3.97,4.08,3.97,4.05,112974
2016-02-03,4.0,4.17,3.98,4.12,117866
2016-02-04,4.1,4.24,4.08,4.2,147074
2016-02-05,4.16,4.18,4.09,4.1,105364
2016-02-15,3.98,4.06,3.9,4.04,58570
2016-02-16,4.04,4.19,4.03,4.19,97284
2016-02-17,4.17,4.28,4.13,4.21,150756
2016-02-18,4.22,4.23,4.16,4.19,154546
2016-02-19,4.18,4.19,4.11,4.16,120073
2016-02-22,4.19,4.28,4.18,4.24,142843
2016-02-23,4.25,4.32,4.17,4.26,300064
2016-02-24,4.22,4.3,4.19,4.26,196412
2016-02-25,4.24,4.25,3.86,3.9,180974
2016-02-26,3.92,4.05,3.88,3.99,113897
2016-02-29,3.97,3.97,3.76,3.85,126123
2016-03-01,3.85,3.95,3.85,3.92,114474
2016-03-02,3.96,4.1,3.93,4.09,123360
2016-03-03,4.1,4.14,4.08,4.1,145107
2016-03-04,4.08,4.12,3.99,4.07,129556
2016-03-07,4.08,4.25,4.08,4.22,176285
2016-03-08,4.2,4.2,4.1,4.2,109032
2016-03-09,4.14,4.16,4.1,4.15,60490
2016-03-10,4.14,4.16,4.08,4.08,45681
2016-03-11,4.06,4.25,4.02,4.13,114789
2016-03-14,4.13,4.23,4.11,4.21,146636
2016-03-15,4.19,4.2,4.11,4.15,68811
2016-03-16,4.16,4.18,4.07,4.1,88164
2016-03-17,4.11,4.2,4.1,4.17,130231
2016-03-18,4.18,4.27,4.15,4.25,272819
2016-03-21,4.28,4.33,4.26,4.31,240599
2016-03-22,4.3,4.35,4.25,4.27,139475
2016-03-23,4.25,4.29,4.23,4.28,131366
2016-03-24,4.25,4.34,4.22,4.26,167895
2016-03-25,4.24,4.34,4.21,4.33,154838
2016-03-28,4.35,4.56,4.33,4.52,310458
2016-03-29,4.47,4.89,4.46,4.82,499087
2016-03-30,4.8,5.2,4.6,5.13,612627
2016-03-31,5.08,5.09,4.77,4.82,887300
2016-04-01,4.72,4.73,4.61,4.67,296083
2016-04-05,4.63,4.72,4.58,4.71,255300
2016-04-06,4.66,4.68,4.62,4.65,200399
2016-04-07,4.66,4.68,4.52,4.54,210815
2016-04-08,4.5,4.53,4.45,4.51,127808
2016-04-11,4.52,4.6,4.52,4.57,133126
2016-04-12,4.57,4.57,4.47,4.53,131489
2016-04-13,4.53,4.64,4.53,4.6,215075
2016-04-14,4.62,4.64,4.57,4.61,123344
2016-04-15,4.62,4.64,4.58,4.61,79803
2016-04-18,4.59,4.6,4.54,4.54,160728
2016-04-19,4.54,4.59,4.54,4.56,71465
2016-04-20,4.58,4.58,4.12,4.27,239670
2016-04-21,4.24,4.33,4.21,4.25,88943
2016-04-22,4.22,4.27,4.17,4.25,69859
2016-04-25,4.23,4.28,4.19,4.28,63742
2016-04-26,4.27,4.31,4.25,4.3,60814
2016-04-27,4.31,4.35,4.28,4.28,60326
2016-04-28,4.3,4.33,4.21,4.27,72250
2016-04-29,4.27,4.33,4.26,4.31,78767
2016-05-03,4.29,4.4,4.29,4.4,109557
2016-05-04,4.37,4.43,4.37,4.4,84749
2016-05-05,4.41,4.5,4.39,4.46,102588
2016-05-06,4.48,4.48,4.28,4.31,131008
2016-05-09,4.26,4.31,4.16,4.19,104425
2016-05-10,4.19,4.23,4.18,4.2,57672
2016-05-11,4.22,4.24,4.15,4.19,85311
2016-05-12,4.15,4.18,4.08,4.18,87123
2016-05-13,4.16,4.2,4.12,4.14,63145
2016-05-16,4.11,4.17,4.09,4.17,59630
2016-05-17,4.17,4.19,4.14,4.16,64862
2016-05-18,4.15,4.16,4.01,4.06,79885
2016-05-19,4.06,4.12,4.05,4.05,53680
2016-05-20,4.04,4.13,4.02,4.11,62113
2016-05-23,4.09,4.24,4.07,4.23,130888
2016-05-24,4.2,4.28,4.15,4.26,116072
2016-05-25,4.23,4.3,4.23,4.29,98662
2016-05-26,4.29,4.35,4.2,4.33,111856
2016-05-27,4.34,4.36,4.31,4.34,89947
2016-05-30,4.34,4.44,4.29,4.41,98068
2016-05-31,4.41,4.85,4.39,4.85,390207
2016-06-01,5.0,5.11,4.74,4.96,422076
2016-06-02,4.95,5.05,4.82,4.97,219876
2016-06-03,4.92,5.16,4.81,5.15,500606
2016-06-06,5.04,5.05,4.78,4.96,458634
2016-06-07,4.86,4.9,4.75,4.84,243489
2016-06-08,4.87,5.02,4.77,4.86,290421
2016-06-13,4.8,4.89,4.67,4.72,143103
2016-06-14,4.71,4.75,4.59,4.73,114922
2016-06-15,4.62,4.89,4.62,4.84,137481
2016-06-16,4.78,4.83,4.67,4.71,70831
2016-06-17,4.7,4.76,4.65,4.68,58112
2016-06-20,4.64,4.71,4.62,4.65,57416
2016-06-21,4.69,4.79,4.66,4.7,97834
2016-06-22,4.7,5.17,4.66,5.17,434550
2016-06-23,5.18,5.31,4.65,4.65,1304328
2016-06-24,4.53,4.92,4.4,4.74,1087726
2016-06-27,4.62,4.77,4.56,4.75,283017
2016-06-28,4.78,5.09,4.7,4.97,608269
2016-06-29,4.87,5.47,4.86,5.26,732746
2016-06-30,5.14,5.15,4.76,4.9,1123833
2016-07-01,4.81,4.87,4.78,4.81,306698
2016-07-04,4.75,4.89,4.73,4.86,301434
2016-07-05,4.87,4.89,4.81,4.84,242103
2016-07-06,4.84,4.85,4.77,4.8,229617
2016-07-07,4.8,4.8,4.72,4.77,188721
2016-07-08,4.76,4.79,4.72,4.78,130434
2016-07-11,4.76,4.8,4.74,4.76,135453
2016-07-12,4.76,4.8,4.72,4.8,176942
2016-07-13,4.81,4.95,4.8,4.89,315026
2016-07-14,4.89,4.89,4.81,4.84,142451
2016-07-15,4.85,4.88,4.81,4.82,121830
2016-07-18,4.82,4.82,4.75,4.78,110344
2016-07-19,4.78,4.79,4.72,4.77,95658
2016-07-20,4.75,4.77,4.73,4.75,79368
2016-07-21,4.75,4.79,4.74,4.76,74434
2016-07-22,4.76,4.76,4.69,4.7,85503
2016-07-25,4.68,4.72,4.67,4.72,58693
2016-07-26,4.71,4.78,4.69,4.78,82868
2016-07-27,4.77,4.78,4.54,4.61,153169
2016-07-28,4.6,4.69,4.58,4.66,92503
2016-07-29,4.63,4.77,4.63,4.7,127922
2016-08-01,4.69,4.69,4.54,4.6,96524
2016-08-02,4.6,4.61,4.57,4.6,54742
2016-08-03,4.6,4.67,4.58,4.65,80218
2016-08-04,4.64,4.68,4.61,4.67,75773
2016-08-05,4.67,4.69,4.64,4.65,55676
2016-08-08,4.65,4.69,4.62,4.69,55695
2016-08-09,4.73,4.76,4.71,4.76,102072
2016-08-10,4.75,4.77,4.72,4.74,75811
2016-08-11,4.73,4.77,4.67,4.68,75059
2016-08-12,4.69,4.76,4.66,4.75,77654
2016-08-15,4.77,4.88,4.76,4.85,281035
2016-08-16,4.85,4.91,4.83,4.84,174136
2016-08-17,4.84,4.86,4.82,4.85,105604
2016-08-18,4.85,4.87,4.83,4.85,101438
2016-08-19,4.84,4.85,4.8,4.85,86284
2016-08-22,4.85,4.85,4.76,4.76,86056
2016-08-23,4.75,4.81,4.75,4.76,75456
2016-08-24,4.77,4.8,4.76,4.77,60662
2016-08-25,4.77,4.77,4.65,4.71,89496
2016-08-26,4.7,4.75,4.69,4.7,47766
2016-08-29,4.71,4.77,4.68,4.75,75923
2016-08-30,4.76,4.78,4.72,4.76,61282
2016-08-31,4.77,4.79,4.74,4.78,95896
2016-09-01,4.83,4.92,4.79,4.8,201366
2016-09-02,4.78,4.84,4.76,4.79,92782
2016-09-05,4.82,4.84,4.78,4.79,74310
2016-09-06,4.79,4.83,4.74,4.82,92412
2016-09-07,4.81,4.87,4.81,4.83,104707
2016-09-08,4.82,4.85,4.81,4.84,72490
2016-09-09,4.83,4.85,4.76,4.77,82962
2016-09-12,4.72,4.72,4.64,4.67,97465
2016-09-13,4.69,4.71,4.66,4.69,48037
2016-09-14,4.65,4.68,4.63,4.64,51638
2016-09-19,4.64,4.68,4.63,4.68,48074
2016-09-20,4.68,4.88,4.62,4.77,169505
2016-09-21,4.73,4.74,4.7,4.71,83275
2016-09-22,4.74,4.78,4.72,4.74,104025
2016-09-23,4.76,4.82,4.74,4.78,101929
2016-09-26,4.75,4.78,4.64,4.66,94782
2016-09-27,4.64,4.69,4.62,4.68,56589
2016-09-28,4.67,4.7,4.65,4.68,43929
2016-09-29,4.68,4.71,4.67,4.69,48426
2016-09-30,4.68,4.73,4.67,4.73,57677
2016-10-10,4.72,4.8,4.71,4.79,123849
2016-10-11,4.78,4.79,4.75,4.79,87024
2016-10-12,4.77,4.78,4.74,4.76,57812
2016-10-13,4.77,4.8,4.76,4.79,77333
2016-10-14,4.77,4.8,4.74,4.8,89039
2016-10-17,4.8,4.82,4.75,4.76,86923
2016-10-18,4.75,4.82,4.75,4.81,93991
2016-10-19,4.82,4.83,4.79,4.8,75662
2016-10-20,4.79,4.8,4.75,4.78,90223
2016-10-21,4.77,4.82,4.74,4.82,146033
2016-10-24,4.82,4.88,4.82,4.87,201544
2016-10-25,4.86,4.87,4.82,4.84,102831
2016-10-26,4.84,4.86,4.81,4.83,96764
2016-10-27,4.84,4.85,4.81,4.83,79767
2016-10-28,4.84,4.86,4.8,4.8,87355
2016-10-31,4.79,4.84,4.77,4.84,71474
2016-11-01,4.83,4.86,4.82,4.86,81582
2016-11-02,4.85,4.85,4.8,4.83,85022
2016-11-03,4.82,4.89,4.81,4.89,164520
2016-11-04,4.88,4.9,4.84,4.87,88179
2016-11-07,4.86,4.88,4.83,4.86,77918
2016-11-08,4.87,4.87,4.84,4.86,81901
2016-11-09,4.87,4.87,4.76,4.82,120543
2016-11-10,4.83,5.16,4.83,5.04,362051
2016-11-11,5.01,5.05,4.96,5.01,192412
2016-11-14,5.01,5.11,4.98,5.05,198929
2016-11-15,5.03,5.09,5.03,5.05,120028
2016-11-16,5.05,5.07,4.97,5.01,112539
2016-11-17,5.02,5.06,4.97,5.05,98090
2016-11-18,5.04,5.05,4.99,5.01,81551
2016-11-21,5.01,5.13,4.99,5.06,202692
2016-11-22,5.08,5.14,5.06,5.1,158873
2016-11-23,5.11,5.12,5.0,5.03,172101
2016-11-24,5.01,5.06,4.99,5.01,119336
2016-11-25,5.01,5.03,4.92,4.99,121952
2016-11-28,5.02,5.1,5.01,5.08,204160
2016-11-29,5.07,5.1,5.03,5.09,199680
2016-11-30,5.06,5.09,4.99,5.01,153167
2016-12-01,5.02,5.12,5.01,5.1,168971
2016-12-02,5.11,5.33,5.11,5.15,384438
2016-12-05,5.08,5.24,5.05,5.21,283459
2016-12-06,5.2,5.21,5.1,5.15,174734
2016-12-07,5.11,5.46,5.11,5.32,377887
2016-12-08,5.34,5.44,5.25,5.26,288777
2016-12-09,5.24,5.25,5.16,5.21,203259
2016-12-12,5.2,5.24,4.93,4.95,227326
2016-12-13,4.97,5.0,4.85,4.98,124149
2016-12-14,4.96,5.05,4.94,4.98,120547
2016-12-15,4.97,5.06,4.94,5.0,117660
2016-12-16,5.01,5.02,4.95,4.99,93604
2016-12-19,4.99,5.0,4.93,4.95,88704
2016-12-20,4.94,4.95,4.86,4.89,116360
2016-12-21,4.86,4.94,4.86,4.94,103139
2016-12-22,4.93,5.43,4.92,5.29,756725
2016-12-23,5.19,5.24,5.09,5.17,411731
2016-12-26,5.14,5.23,5.12,5.22,255036
2016-12-27,5.18,5.22,5.14,5.16,181007
2016-12-28,5.14,5.18,5.11,5.12,123079
2016-12-29,5.1,5.16,5.08,5.09,119768
2016-12-30,5.1,5.12,5.01,5.06,129133
2017-01-03,5.06,5.09,5.03,5.09,113273
2017-01-04,5.08,5.15,5.06,5.15,123781
2017-01-05,5.15,5.18,5.12,5.15,122633
2017-01-06,5.15,5.24,5.12,5.16,133546
2017-01-09,5.15,5.2,5.1,5.19,121914
2017-01-10,5.18,5.3,5.15,5.2,218443
2017-01-11,5.19,5.27,5.14,5.16,163563
2017-01-12,5.06,5.15,5.05,5.06,159575
2017-01-13,5.06,5.09,5.01,5.02,107439
2017-01-16,5.02,5.02,4.62,4.91,170483
2017-01-17,4.91,4.95,4.85,4.94,61627
2017-01-18,4.96,4.98,4.92,4.95,58965
2017-01-19,4.94,4.98,4.9,4.92,54827
2017-01-20,4.9,5.02,4.88,4.96,80749
2017-01-23,4.95,5.02,4.95,4.99,90234
2017-01-24,4.97,5.0,4.95,4.98,62747
2017-01-25,4.97,5.01,4.97,4.99,60702
2017-01-26,5.0,5.03,4.99,5.0,43413
2017-02-03,5.0,5.02,4.98,5.0,42062
2017-02-06,5.0,5.04,4.97,5.03,71340
2017-02-07,5.03,5.05,5.0,5.03,62133
2017-02-08,5.03,5.05,4.98,5.04,80675
2017-02-09,5.03,5.11,5.02,5.09,123437
2017-02-10,5.09,5.19,5.07,5.18,228096
2017-02-13,5.18,5.22,5.13,5.2,170587
2017-02-14,5.19,5.19,5.13,5.17,106218
2017-02-15,5.18,5.25,5.12,5.14,181874
2017-02-16,5.15,5.27,5.12,5.27,229412
2017-02-17,5.27,5.27,5.13,5.15,219575
2017-02-20,5.15,5.15,5.15,5.15,0
2017-02-21,5.15,5.15,5.15,5.15,0
2017-02-22,5.15,5.15,5.15,5.15,0
2017-02-23,5.15,5.15,5.15,5.15,0
2017-02-24,5.15,5.15,5.15,5.15,0
2017-02-27,5.15,5.15,5.15,5.15,0
2017-02-28,5.15,5.15,5.15,5.15,0
2017-03-01,5.15,5.15,5.15,5.15,0
2017-03-02,5.15,5.15,5.15,5.15,0
2017-03-03,5.15,5.15,5.15,5.15,0
2017-03-06,5.15,5.15,5.15,5.15,0
2017-03-07,5.17,5.4,5.17,5.26,370068
2017-03-08,5.23,5.26,5.11,5.17,209701
2017-03-09,5.13,5.15,5.03,5.05,153343
2017-03-10,5.04,5.08,5.03,5.07,73600
2017-03-13,5.06,5.11,5.02,5.11,68932
2017-03-14,5.1,5.12,5.06,5.07,67090
2017-03-15,5.08,5.08,5.03,5.05,51597
2017-03-16,5.04,5.12,5.04,5.1,63213
2017-03-17,5.1,5.13,5.06,5.08,91871
2017-03-20,5.08,5.16,5.07,5.15,90702
2017-03-21,5.15,5.17,5.11,5.13,88541
2017-03-22,5.11,5.11,5.01,5.04,127487
2017-03-23,5.04,5.09,5.02,5.05,96930
2017-03-24,5.06,5.12,5.02,5.1,86331
2017-03-27,5.11,5.14,5.09,5.12,112205
2017-03-28,5.12,5.13,5.09,5.11,68764
2017-03-29,5.11,5.4,5.1,5.24,423544
2017-03-30,5.18,5.32,5.14,5.2,294752
2017-03-31,5.16,5.4,5.16,5.38,481677
2017-04-05,5.35,5.45,5.25,5.45,420271
2017-04-06,5.45,5.65,5.38,5.46,432932
2017-04-07,5.44,5.51,5.32,5.34,252199
2017-04-10,5.37,5.49,5.33,5.39,221230
2017-04-11,5.35,5.43,5.25,5.4,258387
2017-04-12,5.43,5.62,5.35,5.53,406983
2017-04-13,5.52,5.64,5.46,5.56,304316
2017-04-14,5.5,5.55,5.34,5.38,226289
2017-04-17,5.38,5.43,5.29,5.37,137171
2017-04-18,5.36,5.39,5.28,5.29,108315
2017-04-19,5.28,5.28,5.07,5.17,170010
2017-04-20,5.13,5.19,5.07,5.14,105290
2017-04-21,5.14,5.16,5.1,5.12,67816
2017-04-24,5.1,5.11,4.92,4.93,138216
2017-04-25,4.95,5.0,4.91,4.92,81694
2017-04-26,4.94,5.03,4.92,4.99,98698
2017-04-27,4.98,5.03,4.88,5.01,108075
2017-04-28,4.97,5.0,4.95,5.0,81269
2017-05-02,4.98,5.03,4.96,4.99,73912
2017-05-03,5.0,5.02,4.96,5.02,91480
2017-05-04,5.01,5.01,4.9,4.92,116244
2017-05-05,4.91,4.92,4.78,4.78,97512
2017-05-08,4.76,4.81,4.7,4.71,70260
2017-05-09,4.71,4.78,4.65,4.78,68303
2017-05-10,4.77,4.79,4.64,4.65,73057
2017-05-11,4.63,4.64,4.47,4.6,101377
2017-05-12,4.59,4.62,4.54,4.59,54350
2017-05-15,4.6,4.65,4.59,4.61,41074
2017-05-16,4.59,4.69,4.56,4.69,47942
2017-05-17,4.69,4.74,4.67,4.69,55835
2017-05-18,4.65,4.74,4.63,4.71,48942
2017-05-19,4.86,4.87,4.7,4.73,71670
2017-05-22,4.68,4.73,4.63,4.64,46290
2017-05-23,4.64,4.65,4.51,4.52,58672
2017-05-24,4.5,4.54,4.41,4.52,70641
2017-05-25,4.51,4.62,4.47,4.6,67611
2017-05-26,4.59,4.65,4.57,4.59,43746
2017-05-31,4.64,4.66,4.59,4.6,54417
2017-06-01,4.58,4.62,4.53,4.54,42294
2017-06-02,4.5,4.6,4.49,4.6,47651
2017-06-05,4.6,4.64,4.58,4.63,42934
2017-06-06,4.65,4.65,4.57,4.64,30063
2017-06-07,4.62,4.7,4.62,4.7,70148
2017-06-08,4.68,4.71,4.66,4.69,39368
2017-06-09,4.69,4.7,4.65,4.68,36480
2017-06-12,4.67,4.78,4.63,4.73,81051
2017-06-13,4.71,4.76,4.69,4.75,55208
2017-06-14,4.75,4.76,4.71,4.76,50400
2017-06-15,4.76,4.78,4.72,4.76,56090
2017-06-16,4.76,4.78,4.75,4.77,46552
2017-06-19,4.78,4.79,4.75,4.79,34201
2017-06-20,4.79,4.8,4.77,4.78,41558
2017-06-21,4.78,4.83,4.75,4.81,50176
2017-06-22,4.82,4.84,4.79,4.79,70043
2017-06-23,4.64,4.65,4.54,4.6,61822
2017-06-26,4.6,4.69,4.57,4.66,47627
2017-06-27,4.66,4.69,4.62,4.63,48243
2017-06-28,4.62,4.67,4.62,4.65,43135
2017-06-29,4.65,4.72,4.64,4.68,40960
2017-06-30,4.67,4.72,4.66,4.72,45374
2017-07-03,4.72,4.77,4.66,4.75,58569
2017-07-04,4.74,4.76,4.68,4.7,46727
2017-07-05,4.67,4.74,4.67,4.73,45469
2017-07-06,4.7,4.79,4.7,4.75,86280
2017-07-07,4.75,4.78,4.72,4.76,60525
2017-07-10,4.76,4.8,4.73,4.77,71711
2017-07-11,4.76,4.76,4.71,4.72,48597
2017-07-12,4.71,4.73,4.64,4.68,63776
2017-07-13,4.7,4.94,4.69,4.82,201840
2017-07-14,4.79,4.82,4.71,4.79,82032
2017-07-17,4.79,4.79,4.6,4.65,107297
2017-07-18,4.61,4.67,4.6,4.67,57649
2017-07-19,4.67,4.79,4.63,4.78,108194
2017-07-20,4.78,4.83,4.75,4.8,106115
2017-07-21,4.79,4.88,4.78,4.86,169348
2017-07-24,4.87,5.05,4.85,4.98,283293
2017-07-25,4.93,4.96,4.83,4.9,134418
2017-07-26,4.9,4.92,4.83,4.86,96355
2017-07-27,4.86,4.95,4.84,4.91,116059
2017-07-28,4.9,4.9,4.85,4.86,65965
2017-07-31,4.85,4.92,4.84,4.91,77590
2017-08-01,4.9,4.97,4.9,4.95,105326
2017-08-02,4.94,4.96,4.87,4.88,96345
2017-08-03,4.89,4.9,4.85,4.87,69926
2017-08-04,4.86,4.91,4.84,4.86,71474
2017-08-07,4.85,4.9,4.83,4.9,57064
2017-08-08,4.9,4.91,4.86,4.88,53363
2017-08-09,5.1,5.27,4.94,4.96,395408
2017-08-10,4.9,4.93,4.81,4.83,223170
2017-08-11,4.8,4.8,4.71,4.72,119866
2017-08-14,4.72,4.77,4.7,4.75,70751
2017-08-15,4.76,4.78,4.69,4.75,71706
2017-08-16,4.74,4.75,4.7,4.73,53386
2017-08-17,4.72,4.76,4.72,4.75,52034
2017-08-18,4.73,4.79,4.72,4.76,71235
2017-08-21,4.76,4.79,4.75,4.78,45285
2017-08-22,4.79,4.79,4.74,4.75,38524
2017-08-23,4.75,4.75,4.72,4.73,41024
2017-08-24,4.72,4.73,4.69,4.7,37470
2017-08-25,4.7,4.76,4.69,4.74,63406
2017-08-28,4.74,4.78,4.73,4.77,63960
2017-08-29,4.77,4.78,4.73,4.77,62599
2017-08-30,4.75,4.77,4.74,4.76,52416
2017-08-31,4.75,4.76,4.7,4.73,102999
2017-09-01,4.72,4.74,4.71,4.73,62271
2017-09-04,4.73,4.74,4.71,4.73,63829
2017-09-05,4.73,4.75,4.71,4.75,66666
2017-09-06,4.74,4.76,4.72,4.75,68740
2017-09-07,4.75,4.76,4.71,4.72,59728
2017-09-08,4.71,4.74,4.7,4.71,55317
2017-09-11,4.72,4.72,4.68,4.71,90961
2017-09-12,4.71,4.72,4.65,4.68,128130
2017-09-13,4.67,4.68,4.65,4.68,45017
2017-09-14,4.67,4.7,4.66,4.69,51432
2017-09-15,4.69,4.7,4.65,4.67,59550
2017-09-18,4.67,4.69,4.65,4.69,41924
2017-09-19,4.68,4.72,4.67,4.69,69599
2017-09-20,4.69,4.71,4.67,4.71,46016
2017-09-21,4.71,4.71,4.67,4.68,41701
2017-09-22,4.68,4.68,4.63,4.65,38853
2017-09-25,4.65,4.66,4.59,4.61,47439
2017-09-26,4.6,4.62,4.58,4.61,28542
2017-09-27,4.61,4.63,4.6,4.62,31605
2017-09-28,4.63,4.63,4.58,4.59,27544
2017-09-29,4.6,4.62,4.59,4.6,26030
2017-10-09,4.63,4.68,4.63,4.65,50847
2017-10-10,4.64,4.71,4.63,4.7,76702
2017-10-11,4.71,4.71,4.67,4.69,33081
2017-10-12,4.69,4.69,4.65,4.67,33289
2017-10-13,4.67,4.68,4.64,4.68,30742
2017-10-16,4.67,4.69,4.63,4.63,35480
2017-10-17,4.63,4.67,4.62,4.64,26842
2017-10-18,4.65,4.68,4.6,4.61,45558
2017-10-19,4.6,4.61,4.55,4.57,49747
2017-10-20,4.56,4.61,4.56,4.61,20521
2017-10-23,4.61,4.62,4.59,4.62,24972
2017-10-24,4.62,4.62,4.58,4.6,21514
2017-10-25,4.59,4.63,4.57,4.61,37534
2017-10-26,4.6,4.64,4.58,4.64,63748
2017-10-27,4.64,4.64,4.61,4.61,28384
2017-10-30,4.61,4.62,4.53,4.56,52241
2017-10-31,4.57,4.59,4.53,4.57,44714
2017-11-01,4.58,4.6,4.55,4.58,40793
2017-11-02,4.58,4.6,4.54,4.56,31778
2017-11-03,4.55,4.58,4.51,4.53,29608
2017-11-06,4.54,4.55,4.5,4.53,26330
2017-11-07,4.53,4.55,4.51,4.55,33093
2017-11-08,4.54,4.57,4.53,4.54,34760
2017-11-09,4.54,4.57,4.53,4.55,44503
2017-11-10,4.53,4.54,4.48,4.5,82118
2017-11-13,4.5,4.52,4.46,4.46,74175
2017-11-14,4.45,4.48,4.42,4.44,49296
2017-11-15,4.44,4.45,4.42,4.44,33128
2017-11-16,4.44,4.44,4.42,4.43,39351
2017-11-17,4.43,4.43,4.31,4.35,91824
2017-11-20,4.35,4.35,4.24,4.34,59743
2017-11-21,4.32,4.36,4.27,4.34,57261
2017-11-22,4.33,4.37,4.31,4.35,47687
2017-11-23,4.35,4.35,4.26,4.27,48591
2017-11-24,4.26,4.36,4.24,4.3,31761
2017-11-27,4.3,4.32,4.27,4.28,28216
2017-11-28,4.27,4.31,4.26,4.31,23109
2017-11-29,4.31,4.31,4.26,4.3,30563
2017-11-30,4.29,4.3,4.27,4.27,29159
2017-12-01,4.29,4.29,4.25,4.27,45416
2017-12-04,4.27,4.27,4.21,4.22,62780
2017-12-05,4.21,4.22,4.14,4.14,60279
2017-12-06,4.14,4.16,4.1,4.14,49031
2017-12-07,4.13,4.15,4.13,4.15,19141
2017-12-08,4.14,4.15,4.12,4.14,61493
2017-12-11,4.14,4.17,4.13,4.16,64844
2017-12-12,4.15,4.16,4.11,4.12,41379
2017-12-13,4.13,4.15,4.11,4.14,36644
2017-12-14,4.14,4.14,4.12,4.14,31082
2017-12-15,4.13,4.14,4.1,4.11,36954
2017-12-18,4.11,4.12,4.06,4.08,32009
2017-12-19,4.08,4.11,4.07,4.11,31784
2017-12-20,4.11,4.11,4.06,4.07,31989
2017-12-21,4.07,4.08,4.04,4.08,35925
2017-12-22,4.08,4.14,4.06,4.12,45043
2017-12-25,4.11,4.12,4.06,4.06,24091
2017-12-26,4.06,4.1,4.05,4.09,22864
2017-12-27,4.09,4.12,4.06,4.09,41643
2017-12-28,4.12,4.12,4.08,4.12,36524
2017-12-29,4.11,4.12,4.09,4.12,28466
2018-01-02,4.12,4.17,4.12,4.17,67794
2018-01-03,4.15,4.21,4.15,4.2,73561
2018-01-04,4.2,4.2,4.16,4.18,47213
2018-01-05,4.17,4.25,4.17,4.25,88291
2018-01-08,4.23,4.25,4.19,4.24,73895
2018-01-09,4.24,4.24,4.21,4.22,42195
2018-01-10,4.22,4.23,4.17,4.2,46779
2018-01-11,4.19,4.2,4.17,4.19,24918
2018-01-12,4.2,4.21,4.18,4.2,30901
2018-01-15,4.19,4.19,4.12,4.15,47665
2018-01-16,4.14,4.17,4.13,4.17,35960
2018-01-17,4.16,4.25,4.15,4.24,96937
2018-01-18,4.23,4.26,4.22,4.26,46380
2018-01-19,4.26,4.3,4.25,4.27,73875
2018-01-22,4.25,4.32,4.25,4.31,65365
2018-01-23,4.32,4.33,4.29,4.33,44892
2018-01-24,4.33,4.42,4.31,4.39,102974
2018-01-25,4.37,4.39,4.35,4.36,68592
2018-01-26,4.35,4.38,4.34,4.35,52323
2018-01-29,4.36,4.39,4.31,4.32,61321
2018-01-30,4.32,4.36,4.29,4.3,46843
2018-01-31,4.28,4.29,4.22,4.24,61193
2018-02-01,4.23,4.25,4.14,4.15,71226
2018-02-02,4.14,4.17,4.07,4.16,66758
2018-02-05,4.12,4.18,4.09,4.18,52555
2018-02-06,4.11,4.15,4.06,4.07,65989
2018-02-07,4.11,4.15,4.06,4.09,68580
2018-02-08,4.1,4.12,4.07,4.1,47259
2018-02-09,4.06,4.07,3.91,3.95,91215
2018-02-12,3.98,4.0,3.93,3.98,36339
2018-02-13,3.99,4.03,3.99,4.02,24117
2018-02-14,4.01,4.04,3.98,4.03,28798
2018-02-22,4.04,4.07,4.04,4.06,22179
2018-02-23,4.05,4.08,4.04,4.06,22617
2018-02-26,4.07,4.1,4.06,4.1,39152
2018-02-27,4.09,4.11,4.05,4.07,35988
2018-02-28,4.07,4.07,4.03,4.06,20174
2018-03-01,4.05,4.07,4.03,4.07,29977
2018-03-02,4.06,4.06,4.03,4.03,29469
2018-03-05,4.03,4.05,4.02,4.04,23526
2018-03-06,4.04,4.09,4.03,4.09,43714
2018-03-07,4.09,4.12,4.07,4.08,44190
2018-03-08,4.08,4.12,4.08,4.11,28030
2018-03-09,4.1,4.14,4.1,4.14,30522
2018-03-12,4.14,4.15,4.12,4.15,38867
2018-03-13,4.14,4.14,4.1,4.12,40279
2018-03-14,4.13,4.13,4.08,4.1,26897
2018-03-15,4.08,4.11,4.07,4.1,32834
2018-03-16,4.1,4.1,4.07,4.08,24271
2018-03-19,4.08,4.08,4.04,4.06,28765
2018-03-20,4.03,4.07,4.02,4.05,25363
2018-03-21,4.05,4.15,4.04,4.09,65815
2018-03-22,4.08,4.09,4.05,4.07,30277
2018-03-23,4.01,4.02,3.89,3.91,89584
2018-03-26,3.88,3.92,3.85,3.92,34930
2018-03-27,3.94,3.99,3.94,3.97,39064
2018-03-28,3.94,3.97,3.93,3.94,22732
2018-03-29,3.95,3.99,3.94,3.98,26978
2018-03-30,3.96,3.97,3.93,3.95,40871
2018-04-02,3.94,3.96,3.93,3.95,31333
2018-04-03,3.93,3.93,3.86,3.89,46474
2018-04-04,3.88,3.91,3.87,3.87,24061
2018-04-09,3.87,3.9,3.85,3.89,24808
2018-04-10,3.89,3.92,3.87,3.91,25796
2018-04-11,3.92,3.93,3.88,3.91,32845
2018-04-12,3.9,3.91,3.88,3.9,23699
2018-04-13,3.9,3.91,3.87,3.89,23247
2018-04-16,3.88,3.89,3.85,3.85,25044
2018-04-17,3.86,3.88,3.8,3.81,29771
2018-04-18,3.82,3.84,3.79,3.83,24232
2018-04-19,3.82,3.86,3.81,3.84,34712
2018-04-20,3.84,3.84,3.74,3.76,34501
2018-04-23,3.75,3.78,3.74,3.76,19200
2018-04-24,3.75,3.82,3.75,3.81,32072
2018-04-25,3.8,3.8,3.78,3.79,15178
2018-04-26,3.79,3.79,3.74,3.75,23537
2018-04-27,3.75,3.77,3.72,3.75,24131
2018-05-02,3.76,3.87,3.76,3.84,73978
2018-05-03,3.84,3.88,3.81,3.87,33575
2018-05-04,3.86,3.89,3.85,3.87,28248
2018-05-07,3.87,3.92,3.86,3.91,30224
2018-05-08,3.9,3.93,3.89,3.91,35147
2018-05-09,3.9,3.93,3.9,3.92,29100
2018-05-10,3.91,3.94,3.91,3.93,21659
2018-05-11,3.94,3.94,3.88,3.89,24747
2018-05-14,3.88,3.91,3.87,3.88,19946
2018-05-15,3.88,3.9,3.86,3.9,20129
2018-05-16,3.9,3.91,3.87,3.88,17758
2018-05-17,3.86,3.9,3.86,3.89,14886
2018-05-18,3.88,3.92,3.87,3.91,20364
2018-05-21,3.92,3.97,3.92,3.97,36751
2018-05-22,3.96,3.99,3.93,3.95,24267
2018-05-23,3.95,3.96,3.9,3.92,23572
2018-05-24,3.92,3.93,3.9,3.91,16269
2018-05-25,3.91,3.91,3.88,3.89,17879
2018-05-28,3.89,3.91,3.86,3.88,22162
2018-05-29,3.88,3.91,3.87,3.88,17261
2018-05-30,3.88,3.88,3.75,3.76,40187
2018-05-31,3.77,3.81,3.77,3.8,26233
2018-06-01,3.79,3.8,3.75,3.78,41734
2018-06-06,3.83,3.85,3.81,3.84,22006
2018-06-07,3.85,3.86,3.81,3.84,31360
2018-06-08,3.82,3.84,3.78,3.81,27139
2018-06-11,3.81,3.85,3.78,3.8,22532
2018-06-12,3.8,3.82,3.76,3.81,23600
2018-06-13,3.8,3.81,3.75,3.76,25111
2018-06-14,3.77,3.78,3.73,3.73,35091
2018-06-15,3.75,3.77,3.69,3.72,40907
2018-06-19,3.71,3.71,3.42,3.51,67103
2018-06-20,3.51,3.59,3.49,3.58,30869
2018-06-21,3.57,3.61,3.5,3.53,31377
2018-06-22,3.43,3.47,3.38,3.46,27302
2018-06-25,3.46,3.5,3.41,3.42,30226
2018-06-26,3.41,3.44,3.35,3.42,37576
2018-06-27,3.41,3.42,3.37,3.38,24175
2018-06-28,3.38,3.41,3.37,3.38,20124
2018-06-29,3.38,3.45,3.36,3.43,30791
2018-07-02,3.43,3.44,3.36,3.37,30528
2018-07-03,3.38,3.41,3.36,3.41,27647
2018-07-04,3.42,3.42,3.38,3.4,25172
2018-07-05,3.4,3.43,3.38,3.39,37928
2018-07-06,3.39,3.41,3.29,3.36,47766
2018-07-09,3.36,3.41,3.36,3.41,33647
2018-07-10,3.41,3.43,3.39,3.42,26621
2018-07-11,3.4,3.4,3.34,3.36,31939
2018-07-12,3.36,3.44,3.36,3.42,42170
2018-07-13,3.41,3.43,3.4,3.42,29320
2018-07-16,3.41,3.42,3.38,3.39,23311
2018-07-17,3.39,3.41,3.37,3.4,22931
2018-07-18,3.39,3.42,3.38,3.42,22204
2018-07-19,3.41,3.43,3.39,3.42,22153
2018-07-20,3.42,3.6,3.38,3.5,70110
2018-07-23,3.45,3.53,3.44,3.52,57044
2018-07-24,3.54,3.78,3.53,3.73,203385
2018-07-25,3.72,3.73,3.61,3.66,159523
2018-07-26,3.63,3.92,3.62,3.81,260482
2018-07-27,3.85,3.85,3.69,3.7,169839
2018-07-30,3.68,3.69,3.6,3.63,101659
2018-07-31,3.61,3.67,3.6,3.63,47996
2018-08-01,3.65,3.82,3.63,3.69,186190
2018-08-02,3.63,3.66,3.52,3.63,107595
2018-08-03,3.63,3.65,3.58,3.58,45830
2018-08-06,3.56,3.62,3.42,3.47,80012
2018-08-07,3.46,3.59,3.46,3.58,59129
2018-08-08,3.57,3.61,3.54,3.59,54720
2018-08-09,3.57,3.64,3.54,3.62,63181
2018-08-10,3.61,3.64,3.58,3.6,46484
2018-08-13,3.57,3.59,3.52,3.57,47740
2018-08-14,3.57,3.59,3.56,3.58,24396
2018-08-15,3.58,3.61,3.5,3.51,42334
2018-08-16,3.48,3.54,3.45,3.48,34843
2018-08-17,3.49,3.52,3.43,3.43,32417
2018-08-20,3.43,3.47,3.41,3.46,25565
2018-08-21,3.46,3.51,3.45,3.48,28657
2018-08-22,3.48,3.49,3.44,3.45,18034
2018-08-23,3.45,3.49,3.45,3.47,19261
2018-08-24,3.47,3.51,3.46,3.49,21415
2018-08-27,3.49,3.54,3.49,3.53,30097
2018-08-28,3.54,3.56,3.51,3.53,26217
2018-08-29,3.52,3.52,3.47,3.5,40909
2018-08-30,3.5,3.51,3.46,3.47,32805
2018-08-31,3.48,3.49,3.44,3.45,29077
2018-09-03,3.45,3.45,3.4,3.44,27327
2018-09-04,3.44,3.48,3.42,3.47,25083
2018-09-05,3.46,3.47,3.42,3.43,26838
2018-09-06,3.43,3.45,3.4,3.42,20844
2018-09-07,3.41,3.47,3.41,3.45,33112
2018-09-10,3.45,3.45,3.4,3.4,20013
2018-09-11,3.4,3.42,3.38,3.4,25614
2018-09-12,3.4,3.41,3.38,3.4,15061
2018-09-13,3.42,3.42,3.39,3.41,17769
2018-09-14,3.42,3.42,3.39,3.4,18483
2018-09-17,3.39,3.4,3.36,3.37,23164
2018-09-18,3.38,3.45,3.36,3.45,36930
2018-09-19,3.43,3.5,3.41,3.47,46100
2018-09-20,3.47,3.48,3.44,3.44,33234
2018-09-21,3.44,3.51,3.43,3.5,44006
2018-09-25,3.49,3.49,3.46,3.48,22926
2018-09-26,3.48,3.51,3.47,3.49,31368
2018-09-27,3.49,3.5,3.45,3.47,30545
2018-09-28,3.46,3.49,3.46,3.48,23107
2018-10-08,3.45,3.46,3.39,3.4,33628
2018-10-09,3.43,3.45,3.4,3.42,21156
2018-10-10,3.44,3.45,3.41,3.43,11433
2018-10-11,3.39,3.41,3.16,3.2,90240
2018-10-12,3.16,3.19,3.1,3.18,51128
2018-10-15,3.19,3.19,3.13,3.14,28673
2018-10-16,3.13,3.16,3.1,3.11,24835
2018-10-17,3.15,3.16,3.1,3.14,25372
2018-10-18,3.15,3.15,3.06,3.07,33835
2018-10-19,3.04,3.12,3.03,3.11,37434
2018-10-22,3.11,3.26,3.09,3.22,74180
2018-10-23,3.21,3.22,3.16,3.18,38845
2018-10-24,3.16,3.22,3.16,3.18,25046
2018-10-25,3.14,3.17,3.11,3.17,32531
2018-10-26,3.17,3.22,3.17,3.21,37052
2018-10-29,3.2,3.22,3.19,3.19,25621
2018-10-30,3.18,3.24,3.16,3.22,32928
2018-10-31,3.23,3.25,3.21,3.24,33536
2018-11-01,3.24,3.27,3.22,3.23,36646
2018-11-02,3.24,3.28,3.24,3.28,36915
2018-11-05,3.28,3.3,3.25,3.28,43349
2018-11-06,3.28,3.3,3.25,3.28,33697
2018-11-07,3.28,3.3,3.26,3.27,31014
2018-11-08,3.27,3.29,3.26,3.27,23835
2018-11-09,3.28,3.28,3.23,3.24,27954
2018-11-12,3.25,3.39,3.24,3.36,107417
2018-11-13,3.33,3.4,3.31,3.39,94985
2018-11-14,3.37,3.43,3.37,3.37,74072
2018-11-15,3.37,3.43,3.36,3.43,56852
2018-11-16,3.43,3.49,3.4,3.47,79919
2018-11-19,3.47,3.49,3.43,3.48,48014
2018-11-20,3.53,3.6,3.48,3.5,159087
2018-11-21,3.45,3.49,3.43,3.47,71749
2018-11-22,3.48,3.48,3.43,3.46,44225
2018-11-23,3.44,3.46,3.33,3.35,65775
2018-11-26,3.32,3.37,3.31,3.34,30370
2018-11-27,3.33,3.34,3.3,3.32,38103
2018-11-28,3.32,3.37,3.27,3.36,34857
2018-11-29,3.36,3.38,3.3,3.3,31289
2018-11-30,3.31,3.33,3.29,3.32,23815
2018-12-03,3.37,3.41,3.36,3.38,46863
2018-12-04,3.4,3.41,3.37,3.4,24247
2018-12-05,3.33,3.47,3.33,3.46,106231
2018-12-06,3.5,3.52,3.4,3.44,109964
2018-12-07,3.45,3.46,3.36,3.45,61528
2018-12-10,3.41,3.42,3.37,3.38,40516
2018-12-11,3.4,3.41,3.35,3.35,39107
2018-12-12,3.37,3.37,3.34,3.34,25524
2018-12-13,3.36,3.4,3.34,3.38,38695
2018-12-14,3.37,3.38,3.33,3.33,33554
2018-12-17,3.32,3.33,3.29,3.33,18814
2018-12-18,3.31,3.39,3.31,3.37,47546
2018-12-19,3.38,3.38,3.35,3.36,23985
2018-12-20,3.36,3.38,3.34,3.38,27962
2018-12-21,3.37,3.39,3.35,3.38,38438
2018-12-24,3.39,3.43,3.37,3.43,42694
2018-12-25,3.42,3.42,3.37,3.4,57655
2018-12-26,3.38,3.44,3.38,3.43,35685
2018-12-27,3.45,3.47,3.41,3.41,36768
2018-12-28,3.42,3.48,3.41,3.48,60706
2019-01-02,3.47,3.48,3.43,3.48,55626
2019-01-03,3.48,3.54,3.45,3.53,56426
2019-01-04,3.53,3.59,3.49,3.59,65868
2019-01-07,3.62,3.65,3.56,3.64,62687
2019-01-08,3.64,3.65,3.6,3.62,59500
2019-01-09,3.63,3.69,3.63,3.68,67041
2019-01-10,3.68,3.7,3.66,3.7,49453
2019-01-11,3.7,3.71,3.61,3.66,76155
2019-01-14,3.68,3.7,3.65,3.67,39203
2019-01-15,3.67,3.7,3.65,3.67,25476
2019-01-16,3.67,3.71,3.63,3.64,45033
2019-01-17,3.63,3.69,3.63,3.67,36627
2019-01-18,3.67,3.68,3.63,3.65,25538
2019-01-21,3.64,3.69,3.63,3.69,27908
2019-01-22,3.69,3.71,3.65,3.65,24591
2019-01-23,3.66,3.7,3.65,3.67,22319
2019-01-24,3.66,3.7,3.66,3.7,27147
2019-01-25,3.69,3.75,3.68,3.72,43249
2019-01-28,3.74,3.75,3.6,3.66,27314
2019-01-29,3.63,3.66,3.54,3.54,33658
2019-01-30,3.57,3.59,3.53,3.55,18630
2019-01-31,3.55,3.57,3.51,3.52,23654
2019-02-01,3.55,3.57,3.52,3.54,20200
2019-02-11,3.53,3.6,3.53,3.6,28313
2019-02-12,3.58,3.62,3.57,3.6,29554
2019-02-13,3.6,3.65,3.57,3.64,33312
2019-02-14,3.64,3.66,3.62,3.66,29293
2019-02-15,3.66,3.66,3.6,3.61,33390
2019-02-18,3.63,3.7,3.63,3.7,45229
2019-02-19,3.7,3.72,3.65,3.67,42834
2019-02-20,3.66,3.71,3.64,3.69,31938
2019-02-21,3.69,3.71,3.65,3.67,36550
2019-02-22,3.66,3.7,3.64,3.69,33469
2019-02-25,3.71,3.86,3.7,3.84,122048
2019-02-26,3.82,3.9,3.8,3.84,139910
2019-02-27,3.89,3.95,3.84,3.87,127897
2019-02-28,3.89,3.89,3.81,3.82,66221
2019-03-01,3.84,3.85,3.8,3.84,43636
2019-03-04,3.85,3.92,3.84,3.86,79139
2019-03-05,3.87,3.89,3.83,3.89,61080
2019-03-06,3.89,3.97,3.88,3.96,110338
2019-03-07,3.96,4.01,3.93,4.0,117767
2019-03-08,3.97,3.97,3.75,3.77,136305
2019-03-11,3.77,3.86,3.77,3.85,89088
2019-03-12,3.87,4.06,3.85,3.99,221394
2019-03-13,4.0,4.14,3.97,4.03,188070
2019-03-14,4.02,4.05,3.88,3.99,150905
2019-03-15,3.97,4.39,3.96,4.39,407357
2019-03-18,4.46,4.48,4.16,4.37,542233
2019-03-19,4.28,4.68,4.23,4.54,512181
2019-03-20,4.46,4.65,4.4,4.57,360980
2019-03-21,4.52,4.68,4.5,4.53,365089
2019-03-22,4.48,4.53,4.34,4.48,264921
2019-03-25,4.7,4.93,4.6,4.93,878122
2019-03-26,4.93,4.93,4.46,4.5,676572
2019-03-27,4.5,4.52,4.34,4.41,280957
2019-03-28,4.37,4.46,4.29,4.34,196847
2019-03-29,4.31,4.41,4.26,4.4,220358
2019-04-01,4.41,4.49,4.37,4.49,280400
2019-04-02,4.49,4.49,4.38,4.4,287239
2019-04-03,4.38,4.45,4.35,4.44,167806
2019-04-04,4.43,4.45,4.38,4.41,165624
2019-04-08,4.41,4.63,4.4,4.59,424627
2019-04-09,4.55,4.83,4.47,4.66,371650
2019-04-10,4.65,5.13,4.57,5.02,856858
2019-04-11,4.92,5.18,4.85,4.88,609810
2019-04-12,4.8,4.84,4.56,4.65,334914
2019-04-15,4.66,4.89,4.61,4.62,315986
2019-04-16,4.59,4.65,4.38,4.59,360076
2019-04-17,4.59,4.6,4.48,4.52,272145
2019-04-18,4.53,4.57,4.48,4.52,198657
2019-04-19,4.5,4.59,4.47,4.58,205522
2019-04-22,4.57,4.58,4.41,4.44,189054
2019-04-23,4.45,4.45,4.3,4.32,148040
2019-04-24,4.31,4.39,4.28,4.37,86273
2019-04-25,4.36,4.37,4.17,4.19,100130
2019-04-26,4.17,4.24,4.14,4.19,67169
2019-04-29,4.2,4.22,3.99,4.03,104080
2019-04-30,4.03,4.21,4.03,4.21,94146
2019-05-06,4.12,4.16,3.91,3.96,117566
2019-05-07,3.92,4.05,3.92,4.03,59806
2019-05-08,3.97,4.04,3.91,3.97,48290
2019-05-09,3.94,4.02,3.94,3.97,47783
2019-05-10,3.98,4.06,3.95,4.06,93470
2019-05-13,4.03,4.06,4.0,4.04,47747
2019-05-14,3.99,4.02,3.93,3.94,75292
2019-05-15,3.95,4.04,3.95,4.03,68073
2019-05-16,4.04,4.13,4.0,4.12,91551
2019-05-17,4.13,4.15,3.96,3.98,94970
2019-05-20,3.98,3.99,3.84,3.94,51218
2019-05-21,3.94,4.09,3.92,4.04,67915
2019-05-22,4.06,4.06,3.97,4.0,38000
2019-05-23,4.04,4.14,4.0,4.02,98675
2019-05-24,3.97,4.02,3.96,3.98,44556
2019-05-27,4.05,4.08,3.97,4.08,51005
2019-05-28,4.13,4.18,4.07,4.09,99765
2019-05-29,4.08,4.13,4.06,4.09,58232
2019-05-30,4.09,4.15,4.04,4.11,58346
2019-05-31,4.22,4.3,4.14,4.18,171390
2019-06-03,4.13,4.16,4.09,4.1,86386
2019-06-04,4.08,4.11,4.06,4.08,43664
2019-06-05,4.12,4.15,4.06,4.09,39776
2019-06-06,4.1,4.1,3.98,3.98,48599
2019-06-10,3.98,4.01,3.95,3.97,29007
2019-06-11,3.99,4.09,3.98,4.08,63203
2019-06-12,4.08,4.11,4.06,4.08,47933
2019-06-13,4.11,4.11,4.05,4.09,37173
2019-06-14,4.08,4.1,3.98,3.99,55797
2019-06-17,4.02,4.09,4.01,4.09,69945
2019-06-18,4.11,4.2,4.11,4.12,99947
2019-06-19,4.17,4.18,4.13,4.14,81808
2019-06-20,4.16,4.2,4.1,4.2,86241
2019-06-21,4.21,4.29,4.18,4.28,111212
2019-06-24,4.19,4.19,4.11,4.15,69291
2019-06-25,4.15,4.15,4.07,4.12,52924
2019-06-26,4.11,4.13,4.09,4.12,22725
2019-06-27,4.13,4.14,4.08,4.11,56807
2019-06-28,4.08,4.1,4.04,4.05,38730
2019-07-01,4.1,4.14,4.07,4.13,67358
2019-07-02,4.12,4.13,4.08,4.09,44649
2019-07-03,4.09,4.13,4.07,4.08,42853
2019-07-04,4.09,4.12,4.04,4.08,37024
2019-07-05,4.08,4.13,4.05,4.1,43653
2019-07-08,4.1,4.1,3.99,4.01,44005
2019-07-09,4.06,4.09,4.01,4.04,41808
2019-07-10,4.06,4.07,4.02,4.04,37093
2019-07-11,4.06,4.06,3.99,4.01,35998
2019-07-12,4.02,4.02,3.98,4.0,26285
2019-07-15,4.0,4.03,3.95,4.0,34656
2019-07-16,4.02,4.02,3.99,4.0,20803
2019-07-17,4.01,4.02,3.98,3.99,27933
2019-07-18,3.99,3.99,3.92,3.94,33338
2019-07-19,3.93,3.99,3.93,3.97,28306
2019-07-22,3.98,3.99,3.86,3.87,55638
2019-07-23,3.86,3.89,3.85,3.87,25114
2019-07-24,3.87,3.91,3.87,3.89,25958
2019-07-25,3.91,3.91,3.87,3.88,22199
2019-07-26,3.87,3.89,3.86,3.89,20160
2019-07-29,3.89,3.9,3.86,3.89,17592
2019-07-30,3.88,3.91,3.88,3.9,22802
2019-07-31,3.9,3.9,3.86,3.87,20496
2019-08-01,3.86,3.87,3.83,3.84,22820
2019-08-02,3.8,3.81,3.71,3.75,43449
2019-08-05,3.73,3.75,3.7,3.71,18944
2019-08-06,3.65,3.66,3.54,3.59,42536
2019-08-07,3.61,3.64,3.58,3.59,16835
2019-08-08,3.59,3.62,3.59,3.59,15980
2019-08-09,3.6,3.62,3.57,3.58,18898
2019-08-12,3.56,3.6,3.54,3.6,16513
2019-08-13,3.58,3.58,3.55,3.56,13022
2019-08-14,3.59,3.6,3.58,3.59,18926
2019-08-15,3.53,3.57,3.49,3.56,26515
2019-08-16,3.56,3.78,3.54,3.63,56241
2019-08-19,3.59,3.69,3.58,3.68,44871
2019-08-20,3.67,3.7,3.66,3.66,26711
2019-08-21,3.67,3.68,3.65,3.67,17224
2019-08-22,3.68,3.68,3.64,3.65,16774
2019-08-23,3.66,3.66,3.63,3.64,17953
2019-08-26,3.56,3.63,3.56,3.6,19998
2019-08-27,3.61,3.67,3.6,3.66,22357
2019-08-28,3.65,3.67,3.63,3.66,15146
2019-08-29,3.64,3.68,3.64,3.67,21903
2019-08-30,3.69,3.71,3.61,3.62,25285
2019-09-02,3.64,3.71,3.64,3.7,51377
2019-09-03,3.7,3.74,3.69,3.72,30130
2019-09-04,3.71,3.77,3.69,3.77,32797
2019-09-05,3.76,3.82,3.76,3.79,47032
2019-09-06,3.79,3.81,3.78,3.8,36161
2019-09-09,3.82,3.85,3.8,3.84,49733
2019-09-10,3.84,3.85,3.79,3.83,31415
2019-09-11,3.84,3.85,3.8,3.81,26679
2019-09-12,3.81,3.83,3.78,3.82,24032
2019-09-16,3.81,3.84,3.8,3.81,30092
2019-09-17,3.83,3.83,3.74,3.75,36016
2019-09-18,3.76,3.82,3.75,3.79,32169
2019-09-19,3.79,3.83,3.78,3.82,22161
2019-09-20,3.85,3.94,3.84,3.89,82352
2019-09-23,3.87,3.87,3.77,3.8,42388
2019-09-24,3.8,3.81,3.76,3.79,32844
2019-09-25,3.79,3.8,3.77,3.79,37002
2019-09-26,3.79,3.81,3.77,3.78,31394
2019-09-27,3.77,3.78,3.74,3.77,32157
2019-09-30,3.8,3.8,3.75,3.76,20127
2019-10-08,3.76,3.76,3.71,3.71,24087
2019-10-09,3.7,3.74,3.68,3.73,17796
2019-10-10,3.72,3.79,3.72,3.79,29286
2019-10-11,3.8,3.84,3.79,3.84,32056
2019-10-14,3.84,3.9,3.84,3.89,45569
2019-10-15,3.89,3.9,3.86,3.89,25454
2019-10-16,3.89,3.9,3.85,3.86,18398
2019-10-17,3.85,3.88,3.83,3.83,13858
2019-10-18,3.83,3.86,3.75,3.77,25760
2019-10-21,3.78,3.78,3.71,3.73,29476
2019-10-22,3.72,3.76,3.72,3.75,22367
2019-10-23,3.75,3.78,3.71,3.73,29122
2019-10-24,3.75,3.76,3.72,3.75,22995
2019-10-25,3.75,3.76,3.69,3.73,36050
2019-10-28,3.72,3.77,3.72,3.77,36209
2019-10-29,3.77,3.77,3.72,3.73,25427
2019-10-30,3.73,3.73,3.69,3.7,20198
2019-10-31,3.71,3.71,3.65,3.67,32140
2019-11-01,3.66,3.69,3.64,3.68,55260
2019-11-04,3.67,3.75,3.65,3.72,35954
2019-11-05,3.95,4.09,3.95,4.09,548454
2019-11-06,3.92,4.03,3.85,3.89,432854
2019-11-07,3.88,3.89,3.8,3.83,202607
2019-11-08,3.82,3.87,3.8,3.84,137799
2019-11-11,3.82,3.83,3.69,3.73,147669
2019-11-12,3.71,3.77,3.7,3.76,70938
2019-11-13,3.75,3.76,3.71,3.71,49295
2019-11-14,3.71,3.74,3.69,3.73,60758
2019-11-15,3.72,3.74,3.68,3.68,48829
2019-11-18,3.7,3.77,3.66,3.77,52702
2019-11-19,3.76,3.81,3.74,3.8,65018
2019-11-20,3.8,3.82,3.76,3.79,50402
2019-11-21,3.8,3.86,3.76,3.84,81657
2019-11-22,3.86,3.86,3.78,3.81,59570
2019-11-25,3.8,3.86,3.78,3.85,58301
2019-11-26,3.85,3.89,3.8,3.82,63490
2019-11-27,3.82,3.84,3.78,3.81,41256
2019-11-28,3.79,3.84,3.79,3.81,41051
2019-11-29,3.83,3.88,3.81,3.87,64972
2019-12-02,3.86,3.87,3.81,3.83,50005
2019-12-03,3.82,3.87,3.8,3.86,33398
2019-12-04,3.87,3.88,3.81,3.84,52228
2019-12-05,3.84,3.86,3.82,3.84,35788
2019-12-06,3.84,3.85,3.81,3.83,41916
2019-12-09,3.83,3.86,3.82,3.86,49879
2019-12-10,3.86,3.86,3.82,3.83,33268
2019-12-11,3.82,3.84,3.82,3.83,33750
2019-12-12,3.82,3.83,3.76,3.77,52331
2019-12-13,3.78,3.83,3.78,3.82,51219
2019-12-16,3.82,3.85,3.81,3.85,53813
2019-12-17,3.85,3.9,3.82,3.88,102974
2019-12-18,3.87,3.94,3.85,3.9,84969
2019-12-19,3.89,3.91,3.86,3.9,49790
2019-12-20,3.89,3.92,3.84,3.87,66575
2019-12-23,3.87,3.87,3.79,3.8,43173
2019-12-24,3.8,3.84,3.8,3.83,31044
2019-12-25,3.83,3.83,3.81,3.82,27620
2019-12-26,3.82,3.87,3.8,3.87,39970
2019-12-27,3.87,3.89,3.83,3.84,48696
2019-12-30,3.84,3.99,3.83,3.99,143330
2019-12-31,3.97,4.28,3.96,4.21,364245
2020-01-02,4.22,4.29,4.16,4.23,166342
2020-01-03,4.24,4.38,4.17,4.38,228848
2020-01-06,4.16,4.24,3.95,4.13,537006
2020-01-07,4.07,4.12,4.05,4.09,213389
2020-01-08,4.06,4.08,3.99,4.0,167671
2020-01-09,4.02,4.07,4.02,4.06,101317
2020-01-10,4.07,4.07,4.01,4.03,77186
2020-01-13,4.03,4.06,4.0,4.06,73330
2020-01-14,4.06,4.07,4.03,4.03,64046
2020-01-15,4.03,4.04,4.01,4.02,55400
2020-01-16,4.04,4.06,4.01,4.01,53407
2020-01-17,4.0,4.03,3.97,3.98,55282
2020-01-20,4.0,4.05,3.97,4.05,48437
2020-01-21,4.04,4.04,3.98,3.99,56193
2020-01-22,3.98,4.01,3.91,3.97,58874
2020-01-23,3.95,3.97,3.86,3.87,61838
2020-02-03,3.51,3.51,3.48,3.48,47235
2020-02-04,3.41,3.5,3.36,3.43,95097
2020-02-05,3.43,3.52,3.42,3.48,78708
2020-02-06,3.49,3.56,3.46,3.54,70958
2020-02-07,3.52,3.53,3.48,3.51,71887
2020-02-10,3.5,3.56,3.48,3.55,63942
2020-02-11,3.55,3.6,3.53,3.58,57550
2020-02-12,3.58,3.61,3.55,3.61,56261
2020-02-13,3.59,3.64,3.56,3.57,61715
2020-02-14,3.55,3.58,3.54,3.55,47637
2020-02-17,3.51,3.62,3.49,3.62,99471
2020-02-18,3.61,3.62,3.58,3.61,63590
2020-02-19,3.62,3.63,3.58,3.59,68333
2020-02-20,3.58,3.67,3.58,3.66,85051
2020-02-21,3.64,3.72,3.63,3.68,91513
2020-02-24,3.65,3.69,3.62,3.67,68853
2020-02-25,3.61,3.63,3.53,3.59,87718
2020-02-26,3.55,3.69,3.5,3.64,113730
2020-02-27,3.66,3.71,3.64,3.67,73092
2020-02-28,3.62,3.65,3.52,3.52,96911
2020-03-02,3.55,3.66,3.54,3.65,84488
2020-03-03,3.67,3.77,3.67,3.72,143089
2020-03-04,3.7,3.8,3.68,3.78,113899
2020-03-05,3.8,3.82,3.75,3.8,114850
2020-03-06,3.75,3.77,3.72,3.74,85592
2020-03-09,3.74,3.74,3.64,3.64,80767
2020-03-10,3.58,3.7,3.56,3.69,83695
2020-03-11,3.71,3.76,3.68,3.69,91681
2020-03-12,3.65,3.67,3.6,3.63,54657
2020-03-13,3.5,3.59,3.49,3.56,68838
2020-03-16,3.59,3.62,3.48,3.5,65299
2020-03-17,3.5,3.57,3.4,3.5,65069
2020-03-18,3.53,3.54,3.42,3.43,52384
2020-03-19,3.43,3.45,3.36,3.41,61546
2020-03-20,3.46,3.54,3.44,3.52,80441
2020-03-23,3.43,3.48,3.39,3.42,56091
2020-03-24,3.45,3.47,3.41,3.46,37487
2020-03-25,3.5,3.54,3.48,3.53,41030
2020-03-26,3.5,3.52,3.48,3.5,34996
2020-03-27,3.52,3.53,3.48,3.48,37338
2020-03-30,3.48,3.48,3.42,3.43,31721
2020-03-31,3.45,3.46,3.41,3.41,28008
2020-04-01,3.41,3.44,3.4,3.41,21782
2020-04-02,3.4,3.43,3.37,3.43,29163
2020-04-03,3.42,3.43,3.38,3.4,48323
2020-04-07,3.41,3.74,3.41,3.72,345170
2020-04-08,3.6,3.61,3.53,3.57,245581
2020-04-09,3.55,3.61,3.55,3.56,104649
2020-04-10,3.56,3.56,3.5,3.51,71122
2020-04-13,3.51,3.52,3.45,3.46,52500
2020-04-14,3.45,3.49,3.45,3.49,43113
2020-04-15,3.49,3.55,3.48,3.48,45196
2020-04-16,3.48,3.63,3.45,3.63,153401
2020-04-17,3.64,3.64,3.54,3.56,113775
2020-04-20,3.56,3.92,3.54,3.9,344904
2020-04-21,3.79,3.82,3.69,3.75,287632
2020-04-22,3.7,3.77,3.65,3.72,124581
2020-04-23,3.72,3.89,3.69,3.79,167045
2020-04-24,3.79,3.93,3.76,3.9,268750
2020-04-27,3.9,3.92,3.67,3.68,239889
2020-04-28,3.7,3.75,3.55,3.64,149098
2020-04-29,3.68,3.88,3.66,3.82,255838
2020-04-30,3.76,3.78,3.69,3.73,218313
2020-05-06,3.73,3.73,3.65,3.73,94353
2020-05-07,3.73,3.73,3.63,3.64,100509
2020-05-08,3.67,3.74,3.64,3.67,85611
2020-05-11,3.67,3.67,3.6,3.61,80529
2020-05-12,3.61,3.62,3.56,3.58,66806
2020-05-13,3.59,3.6,3.57,3.59,34665
2020-05-14,3.59,3.66,3.55,3.64,100155
2020-05-15,3.6,3.64,3.58,3.6,70786
2020-05-18,3.65,3.69,3.61,3.61,76831
2020-05-19,3.62,3.64,3.58,3.59,51321
2020-05-20,3.58,3.59,3.51,3.52,73916
2020-05-21,3.52,3.54,3.5,3.51,24846
2020-05-22,3.5,3.53,3.48,3.51,37713
2020-05-25,3.49,3.51,3.48,3.49,23121
2020-05-26,3.5,3.52,3.48,3.51,20158
2020-05-27,3.52,3.52,3.47,3.48,28637
2020-05-28,3.46,3.49,3.45,3.47,33858
2020-05-29,3.45,3.48,3.44,3.48,22513
2020-06-01,3.49,3.53,3.48,3.52,43948
2020-06-02,3.51,3.54,3.5,3.53,31550
2020-06-03,3.53,3.54,3.48,3.48,43939
2020-06-04,3.48,3.51,3.48,3.5,22140
2020-06-05,3.49,3.51,3.49,3.51,22529
2020-06-08,3.5,3.52,3.5,3.51,27304
2020-06-09,3.51,3.52,3.49,3.52,26833
2020-06-10,3.51,3.51,3.48,3.51,28576
2020-06-11,3.49,3.56,3.48,3.51,59803
2020-06-12,3.49,3.59,3.47,3.57,92929
2020-06-15,3.56,3.61,3.54,3.57,51588
2020-06-16,3.57,3.59,3.56,3.58,40517
2020-06-17,3.57,3.58,3.54,3.57,27082
2020-06-18,3.56,3.57,3.54,3.55,33399
2020-06-19,3.46,3.46,3.43,3.46,36709
2020-06-22,3.45,3.48,3.44,3.45,41712
2020-06-23,3.46,3.46,3.41,3.41,28725
2020-06-24,3.42,3.43,3.38,3.39,25206
2020-06-29,3.4,3.4,3.36,3.37,22424
2020-06-30,3.38,3.4,3.37,3.39,18395
2020-07-01,3.39,3.41,3.38,3.41,18926
2020-07-02,3.4,3.46,3.4,3.46,49413
2020-07-03,3.47,3.51,3.46,3.49,81329
2020-07-06,3.48,3.63,3.48,3.62,175288
2020-07-07,3.64,3.67,3.56,3.58,153550
2020-07-08,3.57,3.64,3.56,3.63,120362
2020-07-09,3.63,3.67,3.61,3.66,125159
2020-07-10,3.65,3.66,3.58,3.6,93163
2020-07-13,3.58,3.72,3.58,3.7,145060
2020-07-14,3.69,3.7,3.61,3.67,137910
2020-07-15,3.68,3.68,3.6,3.62,78748
2020-07-16,3.62,3.65,3.55,3.56,101602
2020-07-17,3.56,3.59,3.53,3.55,63426
2020-07-20,3.56,3.62,3.55,3.62,78615
2020-07-21,3.63,3.64,3.58,3.63,70746
2020-07-22,3.61,3.66,3.6,3.61,67604
2020-07-23,3.61,3.61,3.54,3.6,65029
2020-07-24,3.58,3.64,3.54,3.54,66565
2020-07-27,3.54,3.56,3.5,3.51,41665
2020-07-28,3.52,3.56,3.5,3.52,31751
2020-07-29,3.52,3.56,3.51,3.56,45797
2020-07-30,3.54,3.59,3.54,3.56,53878
2020-07-31,3.56,3.63,3.55,3.57,55227
2020-08-03,3.58,3.63,3.58,3.62,64751
2020-08-04,3.62,3.7,3.61,3.65,125146
2020-08-05,3.65,3.67,3.58,3.62,88814
2020-08-06,3.63,3.65,3.6,3.64,57819
2020-08-07,3.63,3.64,3.57,3.59,56669
2020-08-10,3.59,3.66,3.58,3.64,58635
2020-08-11,3.64,3.64,3.56,3.57,61236
2020-08-12,3.56,3.57,3.52,3.55,61851
2020-08-13,3.56,3.6,3.54,3.59,51212
2020-08-14,3.59,3.6,3.55,3.59,43613
2020-08-17,3.6,3.65,3.58,3.63,84093
2020-08-18,3.64,3.64,3.6,3.63,61356
2020-08-19,3.62,3.65,3.58,3.6,73552
2020-08-20,3.59,3.69,3.59,3.63,173665
2020-08-21,3.63,3.65,3.61,3.62,73965
2020-08-24,3.62,3.65,3.58,3.59,85469
2020-08-25,3.58,3.61,3.55,3.57,64157
2020-08-26,3.57,3.57,3.51,3.52,68042
2020-08-27,3.53,3.54,3.51,3.52,30209
2020-08-28,3.52,3.53,3.5,3.52,51356
2020-08-31,3.53,3.63,3.52,3.59,133391
2020-09-01,3.58,3.63,3.56,3.63,55802
2020-09-02,3.63,3.63,3.6,3.62,51535
2020-09-03,3.63,3.64,3.6,3.61,36681
2020-09-04,3.59,3.63,3.56,3.63,41986
2020-09-07,3.64,3.67,3.6,3.62,69327
2020-09-08,3.63,3.66,3.61,3.64,78491
2020-09-09,3.61,3.73,3.6,3.66,155258
2020-09-10,3.67,3.78,3.6,3.62,147374
2020-09-11,3.6,3.74,3.56,3.73,127508
2020-09-14,3.74,3.88,3.69,3.78,291118
2020-09-15,3.76,3.76,3.64,3.68,130395
2020-09-16,3.69,3.7,3.6,3.64,116015
2020-09-17,3.63,3.64,3.53,3.58,82688
2020-09-18,3.59,3.71,3.54,3.68,173348
2020-09-21,3.68,3.68,3.6,3.64,54107
2020-09-22,3.63,3.63,3.57,3.61,53156
2020-09-23,3.61,3.61,3.58,3.6,21909
2020-09-24,3.59,3.6,3.56,3.57,85791
2020-09-25,3.59,3.6,3.56,3.6,28812
2020-09-28,3.6,3.6,3.54,3.59,73631
2020-09-29,3.59,3.6,3.53,3.55,56320
2020-09-30,3.56,3.56,3.52,3.53,38249
2020-10-09,3.54,3.59,3.53,3.57,55424
2020-10-12,3.58,3.62,3.56,3.6,73310
2020-10-13,3.6,3.6,3.57,3.59,37148
2020-10-14,3.59,3.59,3.54,3.56,31814
2020-10-15,3.54,3.57,3.53,3.56,33109
2020-10-16,3.54,3.59,3.54,3.58,38409
2020-10-19,3.63,3.66,3.49,3.51,256231
2020-10-20,3.49,3.5,3.39,3.41,142803
2020-10-21,3.41,3.42,3.38,3.4,42753
2020-10-22,3.4,3.42,3.38,3.41,25630
2020-10-23,3.41,3.42,3.39,3.4,19772
2020-10-26,3.39,3.39,3.35,3.37,25653
2020-10-27,3.36,3.37,3.33,3.33,40510
2020-10-28,3.33,3.34,3.3,3.33,26656
2020-10-29,3.29,3.33,3.29,3.31,16522
2020-10-30,3.31,3.35,3.3,3.3,26685
2020-11-02,3.3,3.31,3.28,3.31,23535
2020-11-03,3.31,3.36,3.31,3.35,22453
2020-11-04,3.35,3.37,3.33,3.36,26518
2020-11-05,3.36,3.38,3.35,3.37,23176
2020-11-06,3.37,3.38,3.35,3.36,21785
2020-11-09,3.37,3.4,3.36,3.39,40662
2020-11-10,3.39,3.4,3.35,3.36,33142
2020-11-11,3.36,3.39,3.34,3.38,43780
2020-11-12,3.38,3.38,3.35,3.36,19309
2020-11-13,3.35,3.36,3.32,3.35,26765
2020-11-16,3.36,3.39,3.36,3.39,28972
2020-11-17,3.39,3.42,3.37,3.42,43768
2020-11-18,3.42,3.46,3.39,3.42,49555
2020-11-19,3.42,3.44,3.4,3.42,29609
2020-11-20,3.43,3.43,3.39,3.42,31053
2020-11-23,3.41,3.45,3.4,3.42,52532
2020-11-24,3.42,3.43,3.4,3.41,23547
2020-11-25,3.42,3.44,3.4,3.4,31529
2020-11-26,3.41,3.41,3.38,3.39,25759
2020-11-27,3.39,3.46,3.36,3.45,92025
2020-11-30,3.42,3.44,3.38,3.4,78280
2020-12-01,3.4,3.43,3.38,3.42,45657
2020-12-02,3.42,3.43,3.41,3.42,25809
2020-12-03,3.42,3.43,3.4,3.41,29536
2020-12-04,3.41,3.41,3.38,3.4,32973
2020-12-07,3.4,3.41,3.33,3.36,42386
2020-12-08,3.37,3.38,3.34,3.36,21757
2020-12-09,3.36,3.37,3.32,3.32,23424
2020-12-10,3.31,3.34,3.31,3.32,20420
2020-12-11,3.32,3.33,3.27,3.28,31509
2020-12-14,3.29,3.3,3.27,3.28,12580
2020-12-15,3.29,3.29,3.27,3.29,13171
2020-12-16,3.29,3.29,3.26,3.27,16753
2020-12-17,3.27,3.29,3.25,3.28,29521
2020-12-18,3.28,3.3,3.27,3.28,20740
2020-12-21,3.28,3.29,3.26,3.28,29543
2020-12-22,3.27,3.28,3.23,3.24,28593
2020-12-23,3.24,3.25,3.22,3.22,18846
2020-12-24,3.21,3.22,3.15,3.16,37584
2020-12-25,3.16,3.2,3.15,3.17,34398
2020-12-28,3.17,3.18,3.15,3.16,19231
2020-12-29,3.16,3.2,3.15,3.19,24546
2020-12-30,3.18,3.2,3.17,3.18,19627
2020-12-31,3.18,3.2,3.17,3.18,28325
2021-01-04,3.19,3.2,3.16,3.18,28355
2021-01-05,3.18,3.19,3.16,3.18,30342
2021-01-06,3.18,3.2,3.16,3.2,28173
2021-01-07,3.19,3.2,3.1,3.12,53117
2021-01-08,3.11,3.12,3.06,3.1,26243
2021-01-11,3.1,3.11,3.03,3.04,37728
2021-01-12,3.04,3.05,3.02,3.04,25185
2021-01-13,3.04,3.04,2.98,3.01,36860
2021-01-14,3.01,3.05,3.0,3.04,23275
2021-01-15,3.04,3.09,3.03,3.08,24405
2021-01-18,3.07,3.11,3.06,3.1,24934
2021-01-19,3.1,3.13,3.07,3.12,26654
2021-01-20,3.12,3.12,3.08,3.09,13726
2021-01-21,3.08,3.09,3.07,3.07,15034
2021-01-22,3.07,3.08,3.03,3.05,15184
2021-01-25,3.06,3.06,3.01,3.02,13897
2021-01-26,3.01,3.02,2.99,3.0,15379
2021-01-27,3.0,3.03,2.99,3.0,22357
2021-01-28,2.99,3.0,2.98,3.0,15816
2021-01-29,2.99,2.99,2.92,2.93,27750
2021-02-01,2.93,2.94,2.91,2.93,17774
2021-02-02,2.93,2.94,2.91,2.94,14605
2021-02-03,2.93,2.94,2.86,2.9,17405
2021-02-04,2.89,2.89,2.82,2.85,25024
2021-02-05,2.85,2.86,2.83,2.83,17540
2021-02-08,2.84,2.87,2.78,2.86,17869
2021-02-09,2.85,2.89,2.83,2.88,12325
2021-02-10,2.89,2.9,2.87,2.89,14361
2021-02-18,2.92,2.95,2.91,2.94,26099
2021-02-19,2.92,3.01,2.91,3.0,30068
2021-02-22,3.0,3.12,3.0,3.06,58064
2021-02-23,3.07,3.12,3.03,3.08,34192
2021-02-24,3.07,3.09,3.05,3.07,24814
2021-02-25,3.09,3.12,3.08,3.1,34535
2021-02-26,3.09,3.09,3.06,3.06,20331
2021-03-01,3.08,3.11,3.06,3.1,21990
2021-03-02,3.11,3.11,3.05,3.07,25665
2021-03-03,3.06,3.08,3.05,3.08,31208
2021-03-04,3.08,3.09,3.07,3.09,24073
2021-03-05,3.09,3.11,3.07,3.1,23401
2021-03-08,3.1,3.12,3.09,3.09,25391
2021-03-09,3.09,3.12,3.05,3.1,41252
2021-03-10,3.1,3.1,3.06,3.06,21800
2021-03-11,3.06,3.12,3.05,3.12,42328
2021-03-12,3.12,3.18,3.08,3.18,67110
2021-03-15,3.18,3.22,3.15,3.21,60544
2021-03-16,3.21,3.22,3.19,3.2,29198
2021-03-17,3.18,3.2,3.16,3.17,29459
2021-03-18,3.15,3.2,3.15,3.19,21703
2021-03-19,3.19,3.25,3.17,3.21,50509
2021-03-22,3.24,3.29,3.23,3.27,64426
2021-03-23,3.29,3.33,3.23,3.24,58037
2021-03-24,3.22,3.26,3.2,3.26,36617
2021-03-25,3.25,3.27,3.22,3.23,40056
2021-03-26,3.22,3.23,3.2,3.22,24044
2021-03-29,3.22,3.23,3.14,3.17,57791
2021-03-30,3.18,3.24,3.17,3.24,36745
2021-03-31,3.27,3.29,3.23,3.28,61267
2021-04-01,3.27,3.37,3.27,3.37,99949
2021-04-02,3.37,3.38,3.3,3.34,52570
2021-04-06,3.35,3.38,3.32,3.38,38116
2021-04-07,3.36,3.4,3.36,3.4,40376
2021-04-08,3.4,3.4,3.29,3.3,57924
2021-04-09,3.31,3.33,3.25,3.33,55782
2021-04-12,3.33,3.33,3.28,3.33,26032
2021-04-13,3.31,3.32,3.23,3.24,37981
2021-04-14,3.25,3.26,3.22,3.23,30717
2021-04-15,3.25,3.28,3.23,3.28,33219
2021-04-16,3.27,3.36,3.26,3.35,54620
2021-04-19,3.36,3.37,3.32,3.35,37211
2021-04-20,3.32,3.35,3.29,3.3,29764
2021-04-21,3.3,3.34,3.28,3.28,28784
2021-04-22,3.28,3.33,3.28,3.29,30349
2021-04-23,3.27,3.28,3.21,3.24,34959
2021-04-26,3.26,3.31,3.25,3.27,42659
2021-04-27,3.26,3.28,3.21,3.23,30802
2021-04-28,3.23,3.25,3.21,3.25,22859
2021-04-29,3.26,3.28,3.24,3.24,46333
2021-04-30,3.24,3.29,3.23,3.24,63743
2021-05-06,3.23,3.34,3.22,3.33,88481
2021-05-07,3.33,3.49,3.32,3.39,166919
2021-05-10,3.38,3.43,3.34,3.4,146264
2021-05-11,3.39,3.52,3.32,3.39,177523
2021-05-12,3.36,3.38,3.31,3.35,86187
2021-05-13,3.33,3.33,3.29,3.3,59465
2021-05-14,3.3,3.33,3.28,3.32,46796
2021-05-17,3.33,3.34,3.31,3.32,45617
2021-05-18,3.32,3.33,3.3,3.33,27909
2021-05-19,3.33,3.33,3.25,3.26,52430
2021-05-20,3.26,3.26,3.23,3.24,33203
2021-05-21,3.25,3.26,3.23,3.26,20830
2021-05-24,3.25,3.28,3.24,3.26,24793
2021-05-25,3.27,3.28,3.26,3.27,22114
2021-05-26,3.28,3.28,3.26,3.28,23491
2021-05-27,3.27,3.28,3.25,3.26,20476
2021-05-28,3.27,3.27,3.23,3.25,35995
2021-05-31,3.27,3.28,3.22,3.23,47324
2021-06-01,3.23,3.25,3.21,3.24,28346
2021-06-02,3.25,3.25,3.21,3.22,27025
2021-06-03,3.23,3.25,3.21,3.24,31171
2021-06-04,3.24,3.25,3.22,3.24,21985
2021-06-07,3.26,3.26,3.21,3.23,30619
2021-06-08,3.22,3.22,3.2,3.22,32754
2021-06-09,3.17,3.17,3.14,3.17,17758
2021-06-10,3.16,3.17,3.15,3.15,29131
2021-06-11,3.15,3.17,3.14,3.16,18780
2021-06-15,3.15,3.16,3.13,3.13,18563
2021-06-16,3.13,3.13,3.1,3.1,17828
2021-06-17,3.1,3.14,3.09,3.09,29543
2021-06-18,3.09,3.1,3.06,3.07,28404
2021-06-21,3.06,3.13,3.06,3.12,36235
2021-06-22,3.1,3.12,3.08,3.1,29601
2021-06-23,3.11,3.12,3.08,3.09,22287
2021-06-24,3.09,3.12,3.09,3.11,17465
2021-06-25,3.1,3.12,3.09,3.11,23288
2021-06-28,3.11,3.12,3.09,3.09,17600
2021-06-29,3.1,3.11,3.09,3.09,21020
2021-06-30,3.09,3.1,3.06,3.06,33193
2021-07-01,3.06,3.08,3.05,3.05,20696
2021-07-02,3.04,3.06,3.02,3.04,17372
2021-07-05,3.05,3.06,3.03,3.03,18539
2021-07-06,3.03,3.06,3.03,3.06,11365
2021-07-07,3.06,3.06,3.05,3.05,13451
2021-07-08,3.04,3.06,3.04,3.05,15364
2021-07-09,3.06,3.06,3.02,3.05,20399
2021-07-12,3.04,3.07,3.04,3.05,15317
2021-07-13,3.05,3.08,3.04,3.07,25821
2021-07-14,3.08,3.08,3.05,3.07,20116
2021-07-15,3.06,3.07,3.04,3.06,16603
2021-07-16,3.06,3.08,3.05,3.07,14299
2021-07-19,3.06,3.08,3.05,3.07,20408
2021-07-20,3.07,3.09,3.06,3.09,22215
2021-07-21,3.1,3.12,3.09,3.12,26678
2021-07-22,3.12,3.18,3.12,3.16,65689
2021-07-23,3.16,3.16,3.13,3.15,24597
2021-07-26,3.13,3.15,3.09,3.1,23351
2021-07-27,3.1,3.13,3.07,3.08,20241
2021-07-28,3.08,3.08,3.04,3.05,27234
2021-07-29,3.06,3.08,3.04,3.05,19992
2021-07-30,3.04,3.07,3.03,3.06,17067
2021-08-02,3.08,3.08,3.04,3.07,19907
2021-08-03,3.07,3.07,3.04,3.05,18834
2021-08-04,3.06,3.07,3.04,3.05,27243
2021-08-05,3.06,3.06,3.02,3.03,23183
2021-08-06,3.02,3.03,3.0,3.01,24554
2021-08-09,3.01,3.05,3.0,3.05,28244
2021-08-10,3.04,3.06,3.03,3.05,14590
2021-08-11,3.06,3.07,3.04,3.06,28468
2021-08-12,3.05,3.06,3.04,3.06,17106
2021-08-13,3.06,3.06,3.03,3.04,17859
2021-08-16,3.04,3.06,3.03,3.05,16939
2021-08-17,3.06,3.09,3.05,3.06,43286
2021-08-18,3.06,3.08,3.05,3.08,24299
2021-08-19,3.07,3.1,3.06,3.08,23540
2021-08-20,3.09,3.13,3.07,3.13,53850
2021-08-23,3.13,3.18,3.12,3.17,64418
2021-08-24,3.15,3.2,3.14,3.16,49097
2021-08-25,3.15,3.22,3.15,3.22,81235
2021-08-26,3.22,3.27,3.2,3.24,72036
2021-08-27,3.26,3.26,3.2,3.22,59688
2021-08-30,3.23,3.26,3.17,3.2,72409
2021-08-31,3.22,3.24,3.19,3.23,51767
2021-09-01,3.25,3.27,3.22,3.25,58848
2021-09-02,3.26,3.33,3.25,3.32,90419
2021-09-03,3.32,3.36,3.31,3.32,100468
2021-09-06,3.34,3.34,3.29,3.32,68303
2021-09-07,3.33,3.38,3.32,3.38,75627
2021-09-08,3.39,3.42,3.37,3.42,61106
2021-09-09,3.42,3.46,3.41,3.46,75905
2021-09-10,3.47,3.53,3.37,3.38,151564
2021-09-13,3.38,3.54,3.37,3.53,130232
2021-09-14,3.55,3.55,3.42,3.43,109556
2021-09-15,3.41,3.45,3.4,3.44,65924
2021-09-16,3.43,3.51,3.41,3.45,104324
2021-09-17,3.42,3.45,3.35,3.37,82039
2021-09-22,3.36,3.5,3.32,3.49,94148
2021-09-23,3.53,3.59,3.49,3.53,110184
2021-09-24,3.51,3.55,3.45,3.45,60293
2021-09-27,3.48,3.5,3.35,3.36,73235
2021-09-28,3.36,3.44,3.36,3.43,49118
2021-09-29,3.43,3.44,3.36,3.37,48310
2021-09-30,3.35,3.41,3.35,3.39,39239
2021-10-08,3.39,3.5,3.39,3.43,67377
2021-10-11,3.45,3.5,3.44,3.47,69567
2021-10-12,3.45,3.47,3.39,3.41,45422
2021-10-13,3.43,3.48,3.37,3.45,83443
2021-10-14,3.43,3.61,3.42,3.55,123182
2021-10-15,3.55,3.6,3.51,3.55,84635
2021-10-18,3.55,3.59,3.51,3.57,66592
2021-10-19,3.56,3.58,3.53,3.54,43374
2021-10-20,3.56,3.56,3.48,3.5,55107
2021-10-21,3.62,3.78,3.51,3.54,298740
2021-10-22,3.46,3.5,3.34,3.35,194168
2021-10-25,3.35,3.35,3.29,3.29,84432
2021-10-26,3.3,3.43,3.3,3.43,111021
2021-10-27,3.43,3.72,3.37,3.7,398008
2021-10-28,3.7,3.72,3.59,3.62,216748
2021-10-29,3.57,3.63,3.53,3.61,128733
2021-11-01,3.6,3.6,3.5,3.5,108332
2021-11-02,3.49,3.52,3.36,3.38,118320
2021-11-03,3.37,3.51,3.36,3.46,83047
2021-11-04,3.43,3.47,3.41,3.45,50911
2021-11-05,3.43,3.45,3.37,3.38,58903
2021-11-08,3.38,3.41,3.37,3.4,37331
2021-11-09,3.39,3.42,3.36,3.37,40166
2021-11-10,3.37,3.39,3.3,3.34,60767
2021-11-11,3.33,3.37,3.31,3.37,39553
2021-11-12,3.37,3.39,3.33,3.34,37116
2021-11-15,3.33,3.36,3.31,3.35,26889
2021-11-16,3.33,3.36,3.33,3.33,24882
2021-11-17,3.32,3.36,3.32,3.35,22526
2021-11-18,3.36,3.44,3.34,3.41,66212
2021-11-19,3.44,3.52,3.43,3.49,74843
2021-11-22,3.51,3.51,3.41,3.44,60893
2021-11-23,3.44,3.5,3.42,3.49,55420
2021-11-24,3.49,3.55,3.48,3.5,69684
2021-11-25,3.52,3.52,3.45,3.51,49962
2021-11-26,3.49,3.63,3.47,3.57,110540
2021-11-29,3.52,3.52,3.44,3.47,86290
2021-11-30,3.47,3.53,3.45,3.51,66279
2021-12-01,3.53,3.59,3.49,3.58,81265
2021-12-02,3.58,3.7,3.57,3.64,128456
2021-12-03,3.64,3.69,3.62,3.67,93490
2021-12-06,3.67,3.74,3.65,3.68,91845
2021-12-07,3.74,3.74,3.62,3.68,74936
2021-12-08,3.68,3.7,3.61,3.64,53742
2021-12-09,3.65,3.7,3.63,3.67,72467
2021-12-10,3.65,3.66,3.57,3.59,76944
2021-12-13,3.59,3.62,3.56,3.61,54364
2021-12-14,3.61,3.96,3.61,3.9,433685
2021-12-15,3.99,4.29,3.99,4.29,823914
2021-12-16,4.22,4.45,4.1,4.27,835557
2021-12-17,4.24,4.25,4.07,4.1,455259
2021-12-20,4.04,4.4,4.02,4.29,495700
2021-12-21,4.28,4.31,4.12,4.21,313281
2021-12-22,4.18,4.34,4.1,4.27,314864
2021-12-23,4.26,4.26,4.09,4.1,294667
2021-12-24,4.08,4.1,3.96,4.01,195306
2021-12-27,4.05,4.41,4.03,4.41,603964
2021-12-28,4.49,4.85,4.41,4.85,478383
2021-12-29,5.34,5.34,4.85,5.34,1543438
2021-12-30,5.07,5.87,5.07,5.87,1253836
2021-12-31,5.9,5.96,5.28,5.38,1566779
2022-01-04,5.15,5.22,4.88,4.97,951377
2022-01-05,4.87,5.47,4.81,5.47,1230402
2022-01-06,5.46,5.84,5.3,5.56,1182839
2022-01-07,5.39,5.82,5.16,5.48,967897
2022-01-10,5.48,5.54,5.1,5.26,641102
2022-01-11,5.3,5.3,5.02,5.07,512337
2022-01-12,5.1,5.2,5.01,5.11,399116
2022-01-13,5.13,5.19,4.97,5.05,453849
2022-01-14,5.0,5.08,4.9,4.93,389312
2022-01-17,4.9,4.99,4.82,4.92,302514
2022-01-18,4.92,4.96,4.66,4.79,404799
2022-01-19,4.78,4.94,4.68,4.72,323927
2022-01-20,4.7,4.75,4.53,4.57,308427
2022-01-21,4.64,4.7,4.54,4.58,212806
2022-01-24,4.64,4.78,4.54,4.66,260675
2022-01-25,4.65,4.7,4.44,4.46,206028
2022-01-26,4.51,4.63,4.48,4.53,177805
2022-01-27,4.59,4.83,4.53,4.55,414501
2022-01-28,4.56,4.6,4.46,4.48,270398
2022-02-07,4.54,4.75,4.51,4.68,320047
2022-02-08,4.75,5.1,4.64,5.04,515177
2022-02-09,5.1,5.2,4.92,5.1,679279
2022-02-10,5.11,5.39,5.01,5.22,529442
2022-02-11,5.24,5.24,5.02,5.03,356618
2022-02-14,5.06,5.08,4.87,4.91,301179
2022-02-15,4.92,5.02,4.85,4.97,222249
2022-02-16,5.01,5.33,4.98,5.26,452038
2022-02-17,5.25,5.25,5.03,5.05,317686
2022-02-18,5.0,5.15,4.96,5.13,253008
2022-02-21,5.1,5.13,5.01,5.1,222903
2022-02-22,5.02,5.1,4.94,5.02,224287
2022-02-23,5.01,5.04,4.91,4.96,193383
2022-02-24,4.93,5.01,4.67,4.78,328455
2022-02-25,4.82,4.89,4.77,4.8,172950
2022-02-28,4.83,4.84,4.68,4.8,168673
2022-03-01,4.82,4.92,4.8,4.85,164899
2022-03-02,4.87,4.89,4.8,4.83,139108
2022-03-03,4.87,5.03,4.83,4.98,268629
2022-03-04,5.02,5.03,4.82,4.83,173776
2022-03-07,4.85,4.9,4.78,4.86,116850
2022-03-08,4.89,4.9,4.64,4.66,185258
2022-03-09,4.7,4.7,4.31,4.51,232539
2022-03-10,4.61,4.75,4.56,4.67,194820
2022-03-11,4.63,4.72,4.5,4.7,137430
2022-03-14,4.71,4.77,4.57,4.57,139960
2022-03-15,4.59,4.59,4.25,4.25,231523
2022-03-16,4.35,4.49,4.25,4.45,222203
2022-03-17,4.48,4.58,4.48,4.52,131498
2022-03-18,4.52,4.59,4.48,4.52,117250
2022-03-21,4.55,4.57,4.48,4.57,116255
2022-03-22,4.61,4.61,4.51,4.56,88728
2022-03-23,4.57,4.6,4.51,4.53,86827
2022-03-24,4.54,4.54,4.44,4.49,97263
2022-03-25,4.5,4.52,4.43,4.44,104470
2022-03-28,4.45,4.57,4.35,4.52,127351
2022-03-29,4.54,4.59,4.48,4.5,103766
2022-03-30,4.55,4.65,4.5,4.64,155812
2022-03-31,4.64,4.69,4.52,4.54,147835
2022-04-01,4.56,4.63,4.5,4.57,122243
2022-04-06,4.58,4.69,4.53,4.66,179599
2022-04-07,4.64,4.73,4.56,4.61,154881
2022-04-08,4.64,4.78,4.61,4.76,202612
2022-04-11,4.78,4.84,4.6,4.61,232468
2022-04-12,4.62,4.68,4.48,4.65,146368
2022-04-13,4.66,4.69,4.53,4.55,133110
2022-04-14,4.57,4.59,4.5,4.54,108155
2022-04-15,4.5,4.56,4.41,4.46,117023
2022-04-18,4.43,4.43,4.35,4.38,90514
2022-04-19,4.39,4.5,4.37,4.46,91866
2022-04-20,4.48,4.51,4.32,4.37,107589
2022-04-21,4.38,4.39,4.1,4.12,154048
2022-04-22,4.15,4.33,4.09,4.26,147126
2022-04-25,4.22,4.22,4.01,4.03,151606
2022-04-26,4.07,4.12,3.9,3.94,150585
2022-04-27,3.98,4.15,3.89,4.14,168920
2022-04-28,4.13,4.18,4.0,4.09,120808
2022-04-29,4.08,4.16,4.05,4.14,157116
2022-05-05,4.11,4.18,4.07,4.14,136591
2022-05-06,4.09,4.09,3.99,4.01,100738
2022-05-09,4.01,4.13,3.97,4.09,102428
2022-05-10,4.08,4.22,3.99,4.16,142097
2022-05-11,4.15,4.24,4.08,4.11,152598
2022-05-12,4.1,4.12,4.03,4.07,87706
2022-05-13,4.09,4.1,4.04,4.08,70429
2022-05-16,4.09,4.11,4.03,4.07,78495
2022-05-17,4.07,4.07,3.96,4.03,100680
2022-05-18,4.03,4.05,3.97,4.0,77961
2022-05-19,4.01,4.02,3.93,4.01,78957
2022-05-20,3.97,4.05,3.97,4.03,83847
2022-05-23,4.01,4.07,4.01,4.05,76227
2022-05-24,4.06,4.1,3.89,3.9,142518
2022-05-25,3.93,4.1,3.91,4.09,152320
2022-05-26,4.1,4.15,4.08,4.14,123633
2022-05-27,4.14,4.16,4.08,4.13,86161
2022-05-30,4.16,4.2,4.1,4.13,96782
2022-05-31,4.12,4.18,4.11,4.18,91428
2022-06-01,4.18,4.59,4.15,4.35,296969
2022-06-02,4.26,4.38,4.19,4.3,191955
2022-06-06,4.26,4.32,4.16,4.3,204218
2022-06-07,4.27,4.49,4.27,4.42,256624
2022-06-08,4.49,4.56,4.35,4.49,285028
2022-06-09,4.48,4.5,4.31,4.36,208750
2022-06-10,4.36,4.37,4.2,4.31,191893
2022-06-13,4.27,4.35,4.23,4.27,140518
2022-06-14,4.27,4.43,4.2,4.33,226357
2022-06-15,4.23,4.3,4.15,4.17,146283
2022-06-16,4.19,4.19,4.11,4.13,102420
2022-06-17,4.12,4.16,4.05,4.1,116364
2022-06-20,4.13,4.14,4.05,4.12,91883
2022-06-21,4.13,4.14,4.07,4.14,97405
2022-06-22,4.14,4.14,4.02,4.05,101390
2022-06-23,4.03,4.05,3.98,4.04,95768
2022-06-24,4.03,4.04,3.99,4.02,71111
2022-06-27,4.02,4.03,3.97,3.98,107968
2022-06-28,4.0,4.0,3.94,3.97,129431
2022-06-29,3.97,3.99,3.94,3.94,93718
2022-06-30,3.94,3.98,3.94,3.96,77621
2022-07-01,3.97,3.98,3.94,3.96,55999
2022-07-04,3.96,4.17,3.93,4.06,172934
2022-07-05,4.04,4.05,3.96,3.99,133639
2022-07-06,3.99,3.99,3.9,3.93,82686
2022-07-07,3.92,3.95,3.9,3.93,41451
2022-07-08,3.94,3.94,3.91,3.93,49552
2022-07-11,3.93,3.95,3.89,3.94,94084
2022-07-12,3.98,4.2,3.98,4.06,266912
2022-07-13,4.2,4.29,4.12,4.23,363710
2022-07-14,4.12,4.16,4.04,4.05,214322
2022-07-15,4.05,4.05,3.96,3.97,121168
2022-07-18,3.92,4.06,3.92,4.02,96392
2022-07-19,4.04,4.06,4.0,4.04,84101
2022-07-20,4.07,4.18,4.05,4.11,148416
2022-07-21,4.09,4.16,4.04,4.05,76591
2022-07-22,4.06,4.1,4.01,4.05,47297
2022-07-25,4.06,4.08,4.01,4.03,46863
2022-07-26,4.01,4.05,3.98,4.04,52469
2022-07-27,4.02,4.05,4.0,4.03,32318
2022-07-28,4.04,4.07,4.03,4.04,42901
2022-07-29,4.04,4.07,4.0,4.02,42422
2022-08-01,4.01,4.05,3.99,4.01,39444
2022-08-02,4.0,4.0,3.8,3.89,111335
2022-08-03,3.91,3.95,3.8,3.8,87587
2022-08-04,3.84,3.84,3.73,3.81,60689
2022-08-05,3.81,3.88,3.78,3.88,45222
2022-08-08,3.88,3.91,3.86,3.88,43351
2022-08-09,3.89,3.9,3.85,3.86,37578
2022-08-10,3.89,3.89,3.82,3.84,27182
2022-08-11,3.9,3.9,3.85,3.88,43787
2022-08-12,3.89,3.92,3.86,3.89,39692
2022-08-15,3.89,3.92,3.85,3.88,40887
2022-08-16,3.89,3.93,3.88,3.91,42842
2022-08-17,3.93,3.94,3.9,3.91,39883
2022-08-18,3.91,3.92,3.86,3.87,40196
2022-08-19,3.89,3.9,3.86,3.86,35799
2022-08-22,3.85,3.88,3.84,3.87,36372
2022-08-23,3.87,3.89,3.85,3.89,46426
2022-08-24,3.89,3.9,3.83,3.84,47432
2022-08-25,3.88,3.93,3.84,3.9,60316
2022-08-26,3.89,3.92,3.87,3.91,60626
2022-08-29,3.88,3.93,3.8,3.93,54817
2022-08-30,3.93,3.99,3.9,3.95,60417
2022-08-31,3.94,3.99,3.89,3.91,42860
2022-09-01,3.9,3.96,3.87,3.93,47997
2022-09-02,3.94,3.95,3.91,3.95,39026
2022-09-05,3.95,4.25,3.92,4.11,212337
2022-09-06,4.05,4.1,4.01,4.07,151525
2022-09-07,4.05,4.06,4.02,4.04,55837
2022-09-08,4.02,4.08,4.02,4.03,56828
2022-09-09,4.04,4.07,4.03,4.05,54496
2022-09-13,4.06,4.12,4.05,4.07,74716
2022-09-14,4.04,4.08,4.0,4.04,68361
2022-09-15,4.05,4.08,4.02,4.06,78869
2022-09-16,4.06,4.07,3.9,3.9,106627
2022-09-19,3.91,3.92,3.85,3.9,40443
2022-09-20,3.91,3.96,3.89,3.89,45234
2022-09-21,3.9,4.09,3.86,4.06,119757
2022-09-22,4.04,4.06,3.97,3.98,57720
2022-09-23,3.98,4.03,3.96,3.98,42163
2022-09-26,3.99,4.0,3.82,3.83,84410
2022-09-27,3.85,3.95,3.83,3.93,42740
2022-09-28,3.93,3.93,3.84,3.87,29482
2022-09-29,3.9,3.9,3.8,3.83,38982
2022-09-30,3.84,3.85,3.79,3.81,29039
2022-10-10,3.81,3.84,3.76,3.78,33778
2022-10-11,3.8,3.81,3.71,3.79,29657
2022-10-12,3.79,3.82,3.74,3.82,23731
2022-10-13,3.83,3.83,3.78,3.79,23610
2022-10-14,3.81,3.83,3.8,3.82,36182
2022-10-17,3.82,3.88,3.78,3.86,38984
2022-10-18,3.89,3.89,3.84,3.85,28891
2022-10-19,3.84,3.88,3.83,3.85,32416
2022-10-20,3.82,3.86,3.82,3.84,27401
2022-10-21,3.85,3.91,3.83,3.91,60116
2022-10-24,3.92,3.93,3.82,3.84,47821
2022-10-25,3.86,3.86,3.78,3.81,33000
2022-10-26,3.81,3.85,3.8,3.82,36803
2022-10-27,3.85,3.87,3.82,3.87,28144
2022-10-28,3.86,3.86,3.75,3.76,58978
2022-10-31,3.76,3.76,3.7,3.7,42842
2022-11-01,3.71,3.73,3.69,3.73,35280
2022-11-02,3.73,3.78,3.7,3.77,43697
2022-11-03,3.76,3.77,3.74,3.76,24033
2022-11-04,3.76,3.78,3.75,3.77,41815
2022-11-07,3.77,3.8,3.76,3.79,38789
2022-11-08,3.77,3.84,3.77,3.78,29475
2022-11-09,3.78,3.83,3.78,3.8,34751
2022-11-10,3.78,3.83,3.78,3.8,35727
2022-11-11,3.85,3.86,3.81,3.83,48950
2022-11-14,3.86,3.86,3.81,3.82,31865
2022-11-15,3.82,3.86,3.81,3.84,40309
2022-11-16,3.84,3.87,3.83,3.86,34939
2022-11-17,3.84,3.87,3.84,3.85,27726
2022-11-18,3.85,3.86,3.79,3.81,41345
2022-11-21,3.8,3.83,3.75,3.81,38733
2022-11-22,3.8,3.86,3.79,3.82,32234
2022-11-23,3.83,3.85,3.81,3.83,35191
2022-11-24,3.83,3.86,3.81,3.82,20912
2022-11-25,3.84,3.87,3.81,3.86,42370
2022-11-28,3.84,3.89,3.81,3.89,54062
2022-11-29,3.89,3.94,3.87,3.93,59461
2022-11-30,3.94,3.96,3.91,3.92,40621
2022-12-01,3.95,3.97,3.88,3.91,58446
2022-12-02,3.93,3.93,3.89,3.9,30868
2022-12-05,3.93,4.0,3.91,4.0,85162
2022-12-06,3.98,4.01,3.96,3.97,39474
2022-12-07,3.98,4.01,3.94,3.98,45150
2022-12-08,4.0,4.03,3.98,4.03,50880
2022-12-09,4.04,4.05,3.96,3.96,48049
2022-12-12,3.94,3.97,3.9,3.92,36867
2022-12-13,3.92,4.02,3.91,4.0,68110
2022-12-14,4.03,4.03,3.94,3.95,32494
2022-12-15,3.96,3.99,3.91,3.93,32278
2022-12-16,3.91,3.96,3.89,3.94,27698
2022-12-19,3.94,3.96,3.84,3.85,47773
2022-12-20,3.87,3.88,3.8,3.84,29447
2022-12-21,3.83,3.87,3.82,3.84,21874
2022-12-22,3.84,3.87,3.74,3.76,45066
2022-12-23,3.76,3.77,3.71,3.73,32375
2022-12-26,3.74,3.75,3.71,3.73,33091
2022-12-27,3.75,3.79,3.73,3.77,34004
2022-12-28,3.76,3.77,3.73,3.73,31222
2022-12-29,3.74,3.74,3.69,3.72,31266
2022-12-30,3.72,3.81,3.71,3.8,38622
2023-01-03,3.79,3.81,3.77,3.81,37951
2023-01-04,3.8,3.84,3.79,3.8,31062
2023-01-05,3.8,3.83,3.77,3.79,27869
2023-01-06,3.79,3.8,3.76,3.77,31043
2023-01-09,3.76,3.8,3.76,3.78,23992
2023-01-10,3.78,3.78,3.73,3.74,33554
2023-01-11,3.74,3.75,3.72,3.73,21789
2023-01-12,3.74,3.74,3.71,3.72,19648
2023-01-13,3.73,3.79,3.72,3.75,28940
2023-01-16,3.75,3.77,3.74,3.74,31127
2023-01-17,3.74,3.79,3.74,3.79,38614
2023-01-18,3.8,3.81,3.77,3.8,29141
2023-01-19,3.8,3.83,3.78,3.83,35484
2023-01-20,3.83,3.85,3.81,3.84,34568
2023-01-30,3.87,3.88,3.83,3.84,43022
2023-01-31,3.82,3.88,3.81,3.88,55128
2023-02-01,3.88,3.88,3.84,3.88,38512
2023-02-02,3.89,3.89,3.86,3.88,36237
2023-02-03,3.88,3.89,3.82,3.86,44832
2023-02-06,3.87,3.9,3.84,3.86,39057
2023-02-07,3.87,3.88,3.85,3.86,28608
2023-02-08,3.87,3.89,3.84,3.87,34077
2023-02-09,3.87,3.87,3.84,3.86,30163
2023-02-10,3.87,3.89,3.85,3.88,44792
2023-02-13,3.9,3.91,3.86,3.88,40997
2023-02-14,3.89,3.9,3.88,3.89,32767
2023-02-15,3.9,3.91,3.86,3.87,36606
2023-02-16,3.89,3.95,3.84,3.87,85675
2023-02-17,3.85,3.98,3.85,3.93,83179
2023-02-20,4.1,4.1,3.94,3.97,160425
2023-02-21,3.98,4.04,3.93,3.99,110330
2023-02-22,3.99,3.99,3.94,3.95,46342
2023-02-23,3.95,3.99,3.93,3.96,55713
2023-02-24,3.96,3.99,3.93,3.95,42968
2023-02-27,3.94,3.95,3.9,3.91,42506
2023-02-28,3.91,3.93,3.9,3.92,33369
2023-03-01,3.92,3.96,3.91,3.95,34059
2023-03-02,3.96,3.99,3.95,3.97,56253
2023-03-03,3.98,3.99,3.95,3.97,38825
2023-03-06,3.99,4.0,3.95,3.98,62544
2023-03-07,3.98,3.99,3.92,3.93,51042
2023-03-08,3.93,3.97,3.91,3.95,36970
2023-03-09,3.95,3.98,3.93,3.95,31611
2023-03-10,3.94,3.96,3.91,3.92,32179
2023-03-13,3.9,3.95,3.88,3.94,45546
2023-03-14,3.94,3.96,3.9,3.92,41705
2023-03-15,3.92,3.97,3.91,3.97,48779
2023-03-16,3.96,4.0,3.94,3.94,44792
2023-03-17,3.97,3.98,3.94,3.95,52238
2023-03-20,3.97,3.99,3.91,3.92,70340
2023-03-21,3.91,3.94,3.88,3.9,55467
2023-03-22,3.91,3.93,3.88,3.9,45369
2023-03-23,3.9,3.9,3.86,3.88,40374
2023-03-24,3.87,3.87,3.83,3.84,49210
2023-03-27,3.84,3.84,3.78,3.8,61427
2023-03-28,3.81,3.83,3.77,3.8,33831
2023-03-29,3.8,3.81,3.76,3.77,30413
2023-03-30,3.76,3.78,3.74,3.76,39219
2023-03-31,3.76,3.81,3.76,3.8,36185
2023-04-03,3.79,3.83,3.74,3.78,71596
2023-04-04,3.77,3.82,3.77,3.82,55844
2023-04-06,3.82,3.84,3.78,3.79,36445
2023-04-07,3.81,3.81,3.78,3.79,30500
2023-04-10,3.79,3.8,3.74,3.76,54269
2023-04-11,3.76,3.78,3.73,3.75,41070
2023-04-12,3.76,3.78,3.75,3.78,33348
2023-04-13,3.77,3.81,3.75,3.8,54262
2023-04-14,3.82,3.83,3.78,3.81,30468
2023-04-17,3.8,3.84,3.8,3.84,47665
2023-04-18,3.84,3.86,3.83,3.85,45401
2023-04-19,3.86,3.87,3.83,3.85,51334
2023-04-20,3.86,3.86,3.82,3.84,29801
2023-04-21,3.84,3.87,3.79,3.79,53095
2023-04-24,3.8,3.86,3.75,3.82,61178
2023-04-25,3.82,3.84,3.74,3.79,38971
2023-04-26,3.76,3.81,3.75,3.79,46269
2023-04-27,3.79,3.84,3.77,3.82,42855
2023-04-28,3.92,4.12,3.88,4.08,329274
2023-05-04,4.2,4.43,4.19,4.37,441678
2023-05-05,4.36,4.51,4.3,4.37,234114
2023-05-08,4.55,4.58,4.44,4.54,282698
2023-05-09,4.53,4.56,4.36,4.37,219006
2023-05-10,4.39,4.42,4.29,4.35,141067
2023-05-11,4.38,4.39,4.31,4.32,73452
2023-05-12,4.34,4.58,4.31,4.48,235796
2023-05-15,4.54,4.56,4.35,4.46,168934
2023-05-16,4.46,4.46,4.36,4.36,103053
2023-05-17,4.36,4.38,4.3,4.34,84947
2023-05-18,4.33,4.36,4.28,4.31,73039
2023-05-19,4.32,4.33,4.21,4.26,73702
2023-05-22,4.26,4.29,4.2,4.23,90247
2023-05-23,4.24,4.25,4.18,4.18,75394
2023-05-24,4.2,4.2,4.1,4.14,64954
2023-05-25,4.08,4.15,4.08,4.13,80604
2023-05-26,4.15,4.18,4.08,4.16,55762
2023-05-29,4.15,4.22,4.15,4.18,67150
2023-05-30,4.14,4.19,4.11,4.14,65703
2023-05-31,4.16,4.16,4.11,4.14,49268
2023-06-01,4.13,4.17,4.1,4.13,69119
2023-06-02,4.16,4.24,4.13,4.19,79559
2023-06-05,4.17,4.19,4.14,4.16,51941
2023-06-06,4.18,4.18,4.09,4.1,63508
2023-06-07,4.11,4.2,4.1,4.19,84347
2023-06-08,4.19,4.28,4.15,4.22,88036
2023-06-09,4.24,4.26,4.18,4.23,88106
2023-06-12,4.22,4.24,4.12,4.14,113699
2023-06-13,4.15,4.19,4.1,4.14,74100
2023-06-14,4.14,4.16,4.05,4.06,79706
2023-06-15,4.03,4.03,3.93,3.95,85105
2023-06-16,3.95,3.98,3.91,3.95,75052
2023-06-19,3.94,3.94,3.86,3.87,84086
2023-06-20,3.88,3.9,3.82,3.83,54724
2023-06-21,3.83,3.88,3.81,3.83,66218
2023-06-26,3.83,3.84,3.77,3.79,69356
2023-06-27,3.79,3.92,3.79,3.91,85641
2023-06-28,3.92,4.02,3.89,4.01,85091
2023-06-29,4.01,4.13,3.98,4.09,94408
2023-06-30,4.11,4.12,4.03,4.07,77743
2023-07-03,4.06,4.17,4.04,4.15,110797
2023-07-04,4.14,4.17,4.08,4.12,63429
2023-07-05,4.1,4.13,4.08,4.11,43943
2023-07-06,4.11,4.15,4.09,4.11,59470
2023-07-07,4.12,4.19,4.1,4.15,60601
2023-07-10,4.16,4.19,4.13,4.17,44719
2023-07-11,4.16,4.18,4.12,4.16,40889
2023-07-12,4.14,4.19,4.1,4.11,58599
2023-07-13,4.12,4.18,4.11,4.18,94014
2023-07-14,4.17,4.18,4.13,4.14,39166
2023-07-17,4.18,4.19,4.13,4.18,64693
2023-07-18,4.17,4.24,4.16,4.22,65434
2023-07-19,4.24,4.24,4.2,4.24,54472
2023-07-20,4.24,4.27,4.16,4.18,58856
2023-07-21,4.18,4.2,4.14,4.17,50825
2023-07-24,4.18,4.27,4.16,4.22,87296
2023-07-25,4.24,4.28,4.2,4.22,83132
2023-07-26,4.24,4.25,4.2,4.23,61472
2023-07-27,4.24,4.25,4.21,4.23,51028
2023-07-28,4.23,4.3,4.19,4.28,84618
2023-07-31,4.3,4.33,4.28,4.3,77998
2023-08-01,4.33,4.33,4.27,4.31,69259
2023-08-02,4.31,4.35,4.27,4.31,75530
2023-08-03,4.32,4.34,4.26,4.33,69530
2023-08-04,4.32,4.34,4.25,4.26,72828
2023-08-07,4.32,4.32,4.21,4.25,75225
2023-08-08,4.26,4.28,4.22,4.25,56326
2023-08-09,4.26,4.27,4.19,4.2,46911
2023-08-10,4.22,4.29,4.21,4.27,69398
2023-08-11,4.28,4.3,4.2,4.21,68556
2023-08-14,4.2,4.24,4.15,4.23,88513
2023-08-15,4.24,4.31,4.22,4.29,98837
2023-08-16,4.29,4.3,4.23,4.27,63889
2023-08-17,4.26,4.29,4.21,4.27,75480
2023-08-18,4.27,4.32,4.25,4.27,77876
2023-08-21,4.3,4.31,4.23,4.25,82199
2023-08-22,4.27,4.27,4.18,4.24,75421
2023-08-23,4.24,4.27,4.19,4.2,80093
2023-08-24,4.21,4.24,4.12,4.12,91052
2023-08-25,4.13,4.26,4.11,4.18,100898
2023-08-28,4.38,4.44,4.25,4.27,144205
2023-08-29,4.27,4.28,4.15,4.2,147746
2023-08-30,4.16,4.21,4.0,4.03,206918
2023-08-31,4.0,4.01,3.92,3.99,135622
2023-09-01,4.01,4.1,4.01,4.07,136962
2023-09-04,4.08,4.18,4.06,4.16,155736
2023-09-05,4.15,4.15,3.95,3.99,203182
2023-09-06,3.99,4.03,3.96,4.01,76195
2023-09-07,4.01,4.04,3.99,4.01,65597
2023-09-08,4.0,4.0,3.95,3.98,73276
2023-09-11,4.0,4.06,3.98,4.04,91072
2023-09-12,4.03,4.06,3.99,4.03,53711
2023-09-13,4.03,4.1,4.02,4.05,71567
2023-09-14,4.04,4.11,4.03,4.09,82854
2023-09-15,4.11,4.23,4.11,4.16,175395
2023-09-18,4.19,4.21,4.09,4.14,104487
2023-09-19,4.19,4.24,4.16,4.22,143675
2023-09-20,4.22,4.23,4.17,4.19,109357
2023-09-21,4.18,4.2,4.15,4.17,76517
2023-09-22,4.22,4.22,4.12,4.13,100487
2023-09-25,4.14,4.16,4.1,4.12,74439
2023-09-26,4.12,4.15,4.1,4.13,55991
2023-09-27,4.11,4.14,4.09,4.1,61574
2023-09-28,4.09,4.14,4.08,4.11,74929
2023-10-09,4.11,4.13,4.04,4.09,78454
2023-10-10,4.11,4.12,3.98,3.99,91773
2023-10-11,4.02,4.02,3.93,3.94,83008
2023-10-12,3.93,4.01,3.93,4.0,57717
2023-10-13,3.97,4.01,3.95,3.97,59249
2023-10-16,4.0,4.03,3.96,4.0,88916
2023-10-17,4.03,4.07,4.0,4.01,78825
2023-10-18,4.03,4.03,3.95,3.95,60991
2023-10-19,3.94,3.96,3.89,3.9,58499
2023-10-20,3.92,3.95,3.88,3.89,74122
2023-10-23,3.91,3.91,3.8,3.81,65654
2023-10-24,3.83,3.91,3.82,3.9,75820
2023-10-25,3.91,4.01,3.91,3.98,68237
2023-10-26,3.96,4.0,3.91,3.99,73292
2023-10-27,3.99,4.08,3.99,4.03,109108
2023-10-30,4.02,4.08,3.95,3.96,117674
2023-10-31,3.94,4.02,3.93,4.0,104146
2023-11-01,3.97,4.0,3.95,3.99,75855
2023-11-02,3.97,4.02,3.96,3.98,68550
2023-11-03,3.98,4.0,3.95,3.97,83783
2023-11-06,3.97,3.98,3.93,3.94,106923
2023-11-07,3.96,3.96,3.9,3.94,102283
2023-11-08,3.93,3.94,3.88,3.9,81055
2023-11-09,3.9,3.94,3.88,3.93,87994
2023-11-10,3.92,4.04,3.91,4.03,179078
2023-11-13,4.03,4.03,3.91,4.0,154974
2023-11-14,3.97,4.0,3.92,3.96,104024
2023-11-15,3.97,3.99,3.94,3.95,83332
2023-11-16,3.94,3.98,3.93,3.95,69564
2023-11-17,3.94,3.98,3.93,3.95,64677
2023-11-20,4.03,4.29,4.0,4.19,473815
2023-11-21,4.22,4.23,4.07,4.17,274546
2023-11-22,4.12,4.2,4.11,4.14,140444
2023-11-23,4.14,4.37,4.13,4.3,269033
2023-11-24,4.27,4.31,4.24,4.28,121641
2023-11-27,4.28,4.32,4.25,4.3,117469
2023-11-28,4.31,4.31,4.25,4.28,81973
2023-11-29,4.27,4.3,4.23,4.27,96493
2023-11-30,4.29,4.36,4.26,4.35,161006
2023-12-01,4.33,4.39,4.3,4.31,101467
2023-12-04,4.31,4.41,4.29,4.4,162632
2023-12-05,4.41,4.44,4.35,4.37,103993
2023-12-06,4.35,4.39,4.34,4.37,94921
2023-12-07,4.39,4.39,4.3,4.36,84281
2023-12-08,4.35,4.42,4.31,4.37,131538
2023-12-11,4.34,4.42,4.32,4.42,116351
2023-12-12,4.42,4.46,4.38,4.45,105661
2023-12-13,4.45,4.59,4.43,4.51,166346
2023-12-14,4.5,4.54,4.43,4.47,123830
2023-12-15,4.47,4.5,4.42,4.47,119086
2023-12-18,4.45,4.51,4.42,4.47,77102
2023-12-19,4.47,4.5,4.41,4.45,96713
2023-12-20,4.46,4.53,4.42,4.49,146261
2023-12-21,4.47,4.52,4.41,4.5,128619
2023-12-22,4.49,4.54,4.42,4.46,134519
2023-12-25,4.42,4.5,4.34,4.47,145703
2023-12-26,4.48,4.5,4.37,4.39,81884
2023-12-27,4.4,4.43,4.35,4.42,71110
2023-12-28,4.42,4.43,4.27,4.3,161106
2023-12-29,4.32,4.4,4.27,4.39,131514
2024-01-02,4.38,4.52,4.37,4.44,110608
2024-01-03,4.47,4.49,4.4,4.46,74839
2024-01-04,4.49,4.59,4.44,4.55,126259
2024-01-05,4.52,4.6,4.48,4.51,103430
2024-01-08,4.5,4.54,4.4,4.47,126642
2024-01-09,4.5,4.57,4.4,4.56,140083
2024-01-10,4.54,4.55,4.49,4.5,89504
2024-01-11,4.5,4.54,4.46,4.47,77429
2024-01-12,4.49,4.54,4.46,4.51,65390
2024-01-15,4.48,4.58,4.48,4.53,64608
2024-01-16,4.54,4.54,4.45,4.52,60723
2024-01-17,4.52,4.55,4.46,4.46,89458
2024-01-18,4.46,4.47,4.26,4.39,129572
2024-01-19,4.41,4.44,4.32,4.37,79363
2024-01-22,4.36,4.36,4.03,4.09,93047
2024-01-23,4.1,4.16,4.01,4.13,135429
2024-01-24,4.16,4.35,4.14,4.35,173778
2024-01-25,4.38,4.53,4.35,4.51,137949
2024-01-26,4.49,4.65,4.48,4.59,128822
2024-01-29,4.61,4.64,4.51,4.58,124865
2024-01-30,4.54,4.58,4.44,4.44,89504
2024-01-31,4.43,4.49,4.32,4.42,218860
2024-02-01,4.38,4.43,4.25,4.35,147387
2024-02-02,4.37,4.45,4.2,4.32,207080
2024-02-05,4.32,4.32,4.09,4.18,199597
2024-02-06,4.14,4.3,3.98,4.29,229128
2024-02-07,4.3,4.31,4.15,4.21,207442
2024-02-08,4.2,4.43,3.97,4.37,226748
2024-02-19,4.36,4.57,4.31,4.54,175451
2024-02-20,4.51,4.68,4.43,4.59,153888
2024-02-21,4.57,4.6,4.49,4.5,117867
2024-02-22,4.46,4.67,4.46,4.66,164034
2024-02-23,4.64,5.13,4.63,5.13,394143
2024-02-26,5.39,5.4,4.94,5.0,572238
2024-02-27,4.99,5.3,4.96,5.16,422177
2024-02-28,5.14,5.14,4.92,5.03,371121
2024-02-29,4.9,5.2,4.86,5.11,270928
2024-03-01,5.04,5.13,5.01,5.02,151196
2024-03-04,5.0,5.06,4.94,5.01,121715
2024-03-05,5.0,5.2,4.97,5.1,166381
2024-03-06,5.06,5.13,4.99,5.01,136594
2024-03-07,5.0,5.1,4.96,5.03,130120
2024-03-08,5.03,5.24,5.0,5.23,236909
2024-03-11,5.21,5.3,5.12,5.18,152246
2024-03-12,5.15,5.15,5.03,5.07,144544
2024-03-13,5.06,5.08,4.99,5.06,97354
2024-03-14,5.07,5.33,5.03,5.33,267842
2024-03-15,5.32,5.34,5.18,5.23,165949
2024-03-18,5.33,5.47,5.14,5.25,199869
2024-03-19,5.23,5.24,5.14,5.19,166291
2024-03-20,5.19,5.24,5.1,5.24,87306
2024-03-21,5.22,5.24,5.15,5.17,78614
2024-03-22,5.16,5.18,5.02,5.06,93155
2024-03-25,5.07,5.15,5.03,5.07,70120
2024-03-26,5.11,5.2,5.09,5.13,100682
2024-03-27,5.15,5.28,5.11,5.11,103430
2024-03-28,5.12,5.14,5.04,5.11,96754
2024-03-29,5.14,5.28,5.14,5.22,82650
2024-04-01,5.22,5.29,5.07,5.2,127604
2024-04-02,5.15,5.27,5.13,5.25,116352
2024-04-03,5.28,5.35,5.24,5.32,116918
2024-04-08,5.32,5.42,5.24,5.38,141989
2024-04-09,5.37,5.47,5.27,5.32,98836
2024-04-10,5.27,5.32,5.25,5.29,67541
2024-04-11,5.26,5.76,5.22,5.75,277561
2024-04-12,5.65,5.96,5.6,5.77,216420
2024-04-15,5.77,5.89,5.68,5.81,153039
2024-04-16,5.78,5.89,5.59,5.61,137253
2024-04-17,5.66,5.89,5.65,5.84,158962
2024-04-18,5.77,5.96,5.68,5.71,163656
2024-04-19,5.66,5.77,5.61,5.68,142873
2024-04-22,5.7,5.74,5.5,5.54,127384
2024-04-23,5.54,5.59,5.41,5.5,78541
2024-04-24,5.53,5.58,5.45,5.56,76140
2024-04-25,5.53,5.71,5.49,5.65,105552
2024-04-26,5.64,5.65,5.41,5.49,145065
2024-04-29,5.43,5.53,5.1,5.5,168926
2024-04-30,5.43,5.57,5.41,5.54,110441
2024-05-06,5.57,5.65,5.37,5.65,170028
2024-05-07,5.61,5.62,5.51,5.55,75340
2024-05-08,5.56,5.58,5.46,5.47,66758
2024-05-09,5.51,5.72,5.48,5.69,112043
2024-05-10,5.7,5.73,5.62,5.71,72063
2024-05-13,5.67,5.77,5.59,5.72,76894
2024-05-14,5.74,5.79,5.67,5.77,66601
2024-05-15,5.77,5.78,5.63,5.63,55255
2024-05-16,5.63,5.68,5.51,5.55,65072
2024-05-17,5.55,5.59,5.46,5.49,70668
2024-05-20,5.49,5.57,5.44,5.51,90501
2024-05-21,5.51,5.63,5.49,5.53,67048
2024-05-22,5.52,5.6,5.48,5.5,65661
2024-05-23,5.47,5.51,5.41,5.45,70522
2024-05-24,5.41,5.53,5.41,5.48,49333
2024-05-27,5.47,5.53,5.45,5.53,46287
2024-05-28,5.56,5.56,5.42,5.45,50088
2024-05-29,5.43,5.51,5.41,5.5,44923
2024-05-30,5.48,5.54,5.44,5.44,42494
2024-05-31,5.45,5.53,5.44,5.5,47798
2024-06-03,5.52,5.61,5.49,5.52,73775
2024-06-04,5.53,5.57,5.49,5.54,58060
2024-06-05,5.53,5.62,5.46,5.47,65725
2024-06-06,5.47,5.5,5.32,5.36,113966
2024-06-07,5.38,5.62,5.31,5.56,110977
2024-06-11,5.56,5.6,5.45,5.48,89173
2024-06-12,5.48,5.6,5.43,5.58,72281
2024-06-13,5.37,5.41,5.23,5.3,90342
2024-06-14,5.3,5.41,5.25,5.29,138313
2024-06-17,5.31,5.37,5.24,5.27,77624
2024-06-18,5.29,5.4,5.25,5.39,90102
2024-06-19,5.44,5.45,5.31,5.34,76316
2024-06-20,5.35,5.38,5.25,5.3,61326
2024-06-21,5.32,5.37,5.26,5.29,61465
2024-06-24,5.34,5.34,5.15,5.2,90070
2024-06-25,5.22,5.27,5.18,5.2,49819
2024-06-26,5.21,5.25,5.17,5.23,54781
2024-06-27,5.21,5.29,5.19,5.19,47838
2024-06-28,5.19,5.32,5.17,5.25,76860
2024-07-01,5.28,5.38,5.26,5.35,77560
2024-07-02,5.35,5.39,5.3,5.34,57049
2024-07-03,5.34,5.39,5.28,5.33,69179
2024-07-04,5.32,5.35,5.24,5.26,52766
2024-07-05,5.26,5.33,5.17,5.21,80793
2024-07-08,5.24,5.29,5.13,5.16,88244
2024-07-09,5.14,5.25,5.06,5.23,72730
2024-07-10,5.24,5.26,5.04,5.06,73340
2024-07-11,5.09,5.12,4.92,4.95,109299
2024-07-12,4.94,5.02,4.94,5.01,73634
2024-07-15,4.97,5.02,4.95,5.0,51380
2024-07-16,5.0,5.04,4.89,4.92,69711
2024-07-17,4.92,4.92,4.77,4.84,83357
2024-07-18,4.83,4.94,4.79,4.93,66995
2024-07-19,4.93,4.94,4.78,4.81,77962
2024-07-22,4.81,4.83,4.72,4.77,55678
2024-07-23,4.74,4.82,4.72,4.72,46113
2024-07-24,4.7,4.78,4.68,4.74,51647
2024-07-25,4.71,4.76,4.69,4.73,53209
2024-07-26,4.74,4.89,4.7,4.85,112402
2024-07-29,4.85,4.95,4.82,4.89,75999
2024-07-30,4.89,4.91,4.85,4.88,60485
2024-07-31,4.88,5.01,4.85,4.91,128632
2024-08-01,0.0,0.0,0.0,4.91,0
2024-08-02,0.0,0.0,0.0,4.91,0
2024-08-05,0.0,0.0,0.0,4.91,0
2024-08-06,0.0,0.0,0.0,4.91,0
2024-08-07,0.0,0.0,0.0,4.91,0
2024-08-08,0.0,0.0,0.0,4.91,0
2024-08-09,0.0,0.0,0.0,4.91,0
2024-08-12,0.0,0.0,0.0,4.91,0
2024-08-13,0.0,0.0,0.0,4.91,0
2024-08-14,0.0,0.0,0.0,4.91,0
2024-08-15,4.96,4.96,4.56,4.82,304605
2024-08-16,4.77,5.02,4.76,4.91,195483
2024-08-19,4.9,5.23,4.88,5.16,171128
2024-08-20,5.17,5.18,5.01,5.04,89440
2024-08-21,5.04,5.23,5.03,5.08,109342
2024-08-22,5.09,5.24,5.06,5.19,134765
2024-08-23,5.15,5.28,5.1,5.17,102293
2024-08-26,5.15,5.17,4.98,5.06,108654
2024-08-27,5.02,5.09,4.97,5.0,89179
2024-08-28,4.96,5.02,4.94,5.0,70349
2024-08-29,5.0,5.0,4.82,4.84,98065
2024-08-30,4.85,4.86,4.67,4.73,141501
2024-09-02,4.7,4.9,4.7,4.8,131615
2024-09-03,4.82,4.85,4.62,4.68,103356
2024-09-04,4.67,4.71,4.6,4.66,85229
2024-09-05,4.67,4.73,4.61,4.7,77658
2024-09-06,4.69,4.73,4.64,4.65,66562
2024-09-09,4.66,4.67,4.56,4.63,114997
2024-09-10,4.63,4.66,4.44,4.6,98663
2024-09-11,4.58,4.61,4.37,4.4,102482
2024-09-12,4.38,4.52,4.37,4.49,72403
2024-09-13,4.48,4.54,4.46,4.48,56625
2024-09-18,4.47,4.5,4.39,4.48,51138
2024-09-19,4.47,4.53,4.41,4.5,71451
2024-09-20,4.49,4.49,4.41,4.42,62769
2024-09-23,4.43,4.55,4.4,4.52,63599
2024-09-24,4.54,4.75,4.54,4.74,132701
2024-09-25,4.78,4.91,4.75,4.78,116942
2024-09-26,4.77,4.8,4.68,4.8,172419
2024-09-27,4.83,4.84,4.65,4.81,250311
2024-09-30,4.91,5.22,4.85,5.16,376309
2024-10-08,5.6,5.65,4.98,5.1,613327
2024-10-09,5.05,5.05,4.69,4.7,301519
2024-10-10,4.75,4.99,4.73,4.87,244180
2024-10-11,4.9,4.91,4.78,4.83,149331
2024-10-14,5.1,5.2,4.98,5.18,558729
2024-10-15,5.2,5.2,4.95,5.03,486671
2024-10-16,5.05,5.53,5.05,5.53,1092017
2024-10-17,5.92,6.08,5.66,6.08,1959810
2024-10-18,5.75,5.95,5.55,5.87,1429749
2024-10-21,5.71,5.72,5.47,5.52,944097
2024-10-22,5.51,5.74,5.4,5.61,756113
2024-10-23,5.59,5.59,5.45,5.54,538055
2024-10-24,5.5,5.5,5.29,5.36,469074
2024-10-25,5.32,5.4,5.29,5.37,345851
2024-10-28,5.37,5.65,5.31,5.62,576626
2024-10-29,5.63,5.63,5.38,5.4,487949
2024-10-30,5.34,5.41,5.3,5.36,302993
2024-10-31,5.46,5.58,5.4,5.52,541643
2024-11-01,5.49,5.49,5.25,5.32,389922
2024-11-04,5.31,5.32,5.22,5.3,217776
2024-11-05,5.31,5.37,5.25,5.36,319766
2024-11-06,5.39,5.39,5.25,5.29,343697
2024-11-07,5.24,5.48,5.22,5.43,422726
2024-11-08,5.5,5.53,5.31,5.34,325063
2024-11-11,5.35,5.35,5.27,5.33,227793
2024-11-12,5.33,5.41,5.26,5.34,332271
2024-11-13,5.32,5.37,5.26,5.29,218236
2024-11-14,5.29,5.3,5.23,5.26,177989
2024-11-15,5.23,5.42,5.22,5.22,293708
2024-11-18,5.25,5.31,5.15,5.18,269164
2024-11-19,5.2,5.24,5.15,5.24,179178
2024-11-20,5.24,5.26,5.18,5.24,181806
2024-11-21,5.22,5.27,5.21,5.26,133046
2024-11-22,5.24,5.31,5.11,5.11,189997
2024-11-25,5.11,5.2,5.08,5.16,138828
2024-11-26,5.14,5.2,5.12,5.17,127494
2024-11-27,5.14,5.21,5.03,5.21,177955
2024-11-28,5.22,5.24,5.18,5.2,123139
2024-11-29,5.2,5.3,5.19,5.25,162227
2024-12-02,5.26,5.3,5.18,5.27,187228
2024-12-03,5.28,5.3,5.22,5.27,215182
2024-12-04,5.26,5.27,5.2,5.21,159519
2024-12-05,5.22,5.22,5.17,5.19,119594
2024-12-06,5.18,5.28,5.18,5.28,198850
2024-12-09,5.27,5.31,5.23,5.25,171444
2024-12-10,5.33,5.36,5.2,5.22,236100
2024-12-11,5.21,5.26,5.2,5.24,132005
2024-12-12,5.25,5.28,5.22,5.28,168082
2024-12-13,5.26,5.26,5.12,5.13,241853
2024-12-16,5.13,5.21,5.12,5.19,161328
2024-12-17,5.2,5.26,5.12,5.14,148075
2024-12-18,5.14,5.2,5.13,5.16,113911
2024-12-19,5.15,5.19,5.08,5.13,140954
2024-12-20,5.14,5.16,5.05,5.06,129650
2024-12-23,5.06,5.11,5.03,5.04,140490
2024-12-24,5.06,5.16,5.02,5.15,141279
2024-12-25,5.16,5.24,5.09,5.23,172786
2024-12-26,5.23,5.24,5.13,5.17,151179
2024-12-27,5.17,5.24,5.15,5.2,181364
2024-12-30,5.2,5.26,5.17,5.19,116873
2024-12-31,5.22,5.27,5.2,5.23,238345
2025-01-02,5.24,5.35,5.07,5.11,323783
2025-01-03,5.07,5.11,4.97,4.99,206705
2025-01-06,4.98,5.02,4.9,5.0,128333
2025-01-07,5.0,5.02,4.94,4.97,81657
2025-01-08,4.96,5.08,4.9,5.04,146873
2025-01-09,5.0,5.01,4.92,4.92,119898
2025-01-10,4.92,4.94,4.82,4.87,133460
2025-01-13,4.87,4.87,4.79,4.84,82190
2025-01-14,4.83,4.94,4.83,4.92,107521
2025-01-15,4.92,4.97,4.88,4.89,95988
2025-01-16,4.91,4.98,4.89,4.94,117750
2025-01-17,4.92,4.93,4.85,4.91,70191
2025-01-20,4.9,4.94,4.89,4.9,82370
2025-01-21,4.92,4.93,4.85,4.87,70516
2025-01-22,4.87,4.87,4.79,4.8,71240
2025-01-23,4.82,4.91,4.82,4.84,110553
2025-01-24,4.84,4.93,4.82,4.9,121628
2025-01-27,4.91,5.02,4.91,4.95,104735
2025-02-05,4.97,4.99,4.91,4.97,121847
2025-02-06,4.97,4.99,4.9,4.98,92858
2025-02-07,4.97,5.05,4.95,5.02,129890
2025-02-10,5.02,5.05,4.98,4.99,104048
2025-02-11,4.99,5.03,4.97,5.02,99241
2025-02-12,5.01,5.04,4.97,5.01,76797
2025-02-13,5.0,5.09,4.97,5.04,110265
2025-02-14,5.02,5.06,4.99,5.02,63004
2025-02-17,5.02,5.05,4.96,5.03,99663
2025-02-18,5.01,5.07,4.98,5.01,94355
2025-02-19,5.04,5.04,4.94,4.96,97067
2025-02-20,4.95,4.97,4.87,4.88,121207
2025-02-21,4.91,4.92,4.81,4.84,148990
2025-02-24,4.84,4.88,4.8,4.82,160899
2025-02-25,4.82,4.82,4.75,4.76,125636
2025-02-26,4.77,4.83,4.77,4.82,111465
2025-02-27,4.81,4.83,4.77,4.82,122406
2025-02-28,4.81,4.85,4.79,4.81,101338
2025-03-03,4.81,4.84,4.78,4.83,162408
2025-03-04,4.82,4.87,4.81,4.85,90244
2025-03-05,4.85,4.86,4.79,4.81,64562
2025-03-06,4.81,4.83,4.75,4.79,130349
2025-03-07,4.78,4.8,4.76,4.77,95774
2025-03-10,4.78,4.79,4.74,4.78,101421
2025-03-11,4.77,4.78,4.75,4.78,60180
2025-03-12,4.78,4.79,4.75,4.78,70559
2025-03-13,4.77,4.79,4.75,4.78,72699
2025-03-14,4.77,4.83,4.77,4.83,150402
2025-03-17,4.83,4.87,4.83,4.84,104074
2025-03-18,4.84,4.88,4.8,4.87,115993
2025-03-19,4.87,4.88,4.84,4.86,88997
2025-03-20,4.86,4.91,4.86,4.88,88529
2025-03-21,4.87,4.93,4.86,4.91,131654
2025-03-24,4.9,4.95,4.84,4.94,123211
2025-03-25,4.93,5.0,4.9,4.99,113267
2025-03-26,4.99,5.05,4.97,5.01,102789
2025-03-27,5.01,5.07,4.98,5.03,121378
2025-03-28,5.05,5.08,4.99,5.0,129027
2025-03-31,5.23,5.45,5.23,5.27,692363
2025-04-01,5.32,5.47,5.23,5.43,597891
2025-04-02,5.48,5.49,5.29,5.33,367182
2025-04-03,5.34,5.53,5.32,5.47,306240
2025-04-07,5.36,5.48,5.02,5.17,407197
2025-04-08,5.22,5.47,5.2,5.39,474740
2025-04-09,5.35,5.58,5.2,5.52,441694
2025-04-10,5.47,5.57,5.4,5.46,250629
2025-04-11,5.46,5.47,5.35,5.42,193395
2025-04-14,5.45,5.48,5.38,5.45,186348
2025-04-15,5.43,5.56,5.37,5.53,230050
2025-04-16,5.5,5.78,5.48,5.7,336546
2025-04-17,5.65,5.78,5.63,5.68,194268
2025-04-18,5.69,5.81,5.58,5.66,147484
2025-04-21,5.64,5.79,5.63,5.71,180315
2025-04-22,5.7,5.83,5.69,5.76,168218
2025-04-23,5.74,5.79,5.65,5.69,143117
2025-04-24,5.67,5.76,5.67,5.75,124925
2025-04-25,5.73,5.76,5.62,5.68,152560
2025-04-28,5.65,5.81,5.64,5.75,171632
2025-04-29,5.74,5.82,5.69,5.71,126293
2025-04-30,5.8,5.84,5.64,5.66,232338
2025-05-06,5.73,5.73,5.62,5.68,201540
2025-05-07,5.7,5.77,5.66,5.73,161021
2025-05-08,5.74,5.76,5.68,5.71,109131
2025-05-09,5.71,5.78,5.63,5.74,160312
2025-05-12,5.75,5.79,5.67,5.68,158656
2025-05-13,5.67,5.75,5.66,5.74,112114
2025-05-14,5.73,5.82,5.71,5.8,139306
2025-05-15,5.9,5.99,5.86,5.87,202180
2025-05-16,5.87,5.92,5.74,5.78,123739
2025-05-19,5.78,5.99,5.78,5.93,183355
2025-05-20,5.94,6.1,5.93,6.06,221089
2025-05-21,6.03,6.23,6.03,6.21,181518
2025-05-22,6.21,6.27,6.15,6.23,137241
2025-05-23,6.24,6.31,6.1,6.13,152231
2025-05-26,6.12,6.22,6.1,6.14,134333
2025-05-27,6.15,6.2,6.12,6.19,98783
2025-05-28,6.22,6.34,6.16,6.32,142239
2025-05-29,6.32,6.45,6.27,6.43,145983
2025-05-30,6.43,6.52,6.39,6.39,177233
2025-06-03,6.37,6.41,6.26,6.37,176674
2025-06-04,6.36,6.56,6.32,6.54,180966
2025-06-05,6.54,6.56,6.4,6.52,182549
2025-06-06,6.54,6.54,6.34,6.39,151438
2025-06-09,6.39,6.41,6.25,6.39,173084
2025-06-10,6.37,6.53,6.36,6.46,183729
2025-06-11,6.46,6.53,6.4,6.48,155077
2025-06-12,6.47,6.55,6.43,6.47,118842
2025-06-13,6.25,6.32,6.17,6.19,126250
2025-06-16,6.19,6.28,6.18,6.28,152785
2025-06-17,6.3,6.39,6.25,6.35,118116
2025-06-18,6.37,6.4,6.29,6.37,91336
2025-06-19,6.35,6.36,6.27,6.32,85278
2025-06-20,6.32,6.37,6.23,6.32,112407
2025-06-23,6.32,6.35,6.23,6.28,97813
2025-06-24,6.31,6.31,6.18,6.23,117647
2025-06-25,6.24,6.26,6.17,6.23,86271
2025-06-26,6.22,6.23,6.08,6.1,173780
2025-06-27,6.1,6.13,5.96,5.98,157697
2025-06-30,6.0,6.11,6.0,6.02,133310
2025-07-01,6.02,6.13,6.02,6.12,140295
2025-07-02,6.1,6.23,6.07,6.2,144024
2025-07-03,6.18,6.23,6.08,6.1,91631
2025-07-04,6.12,6.21,6.09,6.17,83569
2025-07-07,6.2,6.24,6.15,6.2,84477
2025-07-08,6.2,6.22,6.09,6.11,106611
2025-07-09,6.14,6.2,6.11,6.17,80498
2025-07-10,6.17,6.17,6.12,6.15,54024
2025-07-11,6.15,6.18,6.1,6.12,134170
2025-07-14,6.12,6.21,6.09,6.11,110945
2025-07-15,6.13,6.14,6.0,6.04,141178
2025-07-16,6.08,6.08,6.0,6.04,70768
2025-07-17,6.04,6.06,5.98,6.04,188354
2025-07-18,6.04,6.05,5.96,5.97,106460
2025-07-21,5.98,6.08,5.97,6.05,115157
2025-07-22,6.08,6.09,6.0,6.07,110837
2025-07-23,6.4,6.43,5.85,5.85,641790
2025-07-24,5.83,5.85,5.74,5.77,327508
2025-07-25,5.77,5.78,5.69,5.7,166281
2025-07-28,5.72,5.74,5.67,5.7,148571
2025-07-29,5.72,5.73,5.65,5.68,154718
2025-07-30,5.68,5.72,5.66,5.68,101467
2025-07-31,5.7,5.71,5.58,5.59,146294
2025-08-01,5.59,5.62,5.56,5.59,107747
2025-08-04,5.59,5.63,5.56,5.61,123324
2025-08-05,5.61,5.72,5.59,5.71,217556
2025-08-06,5.69,5.7,5.61,5.64,206124
2025-08-07,5.65,5.66,5.6,5.63,121419
2025-08-08,5.63,5.64,5.58,5.59,135504
2025-08-11,5.59,5.64,5.53,5.61,221328
2025-08-12,5.62,5.63,5.6,5.61,87731
2025-08-13,5.61,5.64,5.59,5.61,97479
2025-08-14,5.64,5.68,5.59,5.59,160922
2025-08-15,5.58,5.61,5.56,5.6,120930
2025-08-18,5.6,5.63,5.59,5.61,110613
2025-08-19,5.63,5.63,5.61,5.62,85670
2025-08-20,5.61,5.63,5.58,5.61,126255
2025-08-21,5.6,5.64,5.6,5.62,130001
2025-08-22,5.63,5.63,5.58,5.62,103082
2025-08-25,5.62,5.65,5.61,5.64,140672
2025-08-26,5.65,5.72,5.62,5.69,190555
2025-08-27,5.7,5.71,5.58,5.61,173563
2025-08-28,5.6,5.63,5.54,5.62,201258
2025-08-29,5.68,5.79,5.64,5.66,382423
2025-09-01,5.66,5.67,5.59,5.61,215349
2025-09-02,5.62,5.65,5.58,5.61,174656
2025-09-03,5.62,5.62,5.57,5.57,104055
2025-09-04,5.57,5.62,5.53,5.62,151085
2025-09-05,5.6,5.62,5.57,5.61,134418
2025-09-08,5.62,5.68,5.61,5.66,179949
2025-09-09,5.66,5.67,5.63,5.66,110186
2025-09-10,5.65,5.67,5.63,5.65,81047
2025-09-11,5.64,5.69,5.62,5.69,119501
2025-09-12,5.69,5.7,5.63,5.64,80300
2025-09-15,5.65,5.66,5.61,5.63,73855
2025-09-16,5.64,5.65,5.6,5.62,85936
2025-09-17,5.62,5.67,5.6,5.64,104243
2025-09-18,5.63,5.65,5.54,5.57,124297
2025-09-19,5.53,5.58,5.48,5.54,119725
2025-09-22,5.54,5.56,5.47,5.48,93042
2025-09-23,5.51,5.57,5.47,5.56,114443
2025-09-24,5.53,5.65,5.53,5.65,140679
2025-09-25,5.65,5.65,5.55,5.63,90096
2025-09-26,5.63,5.65,5.58,5.63,74340
2025-09-29,5.62,5.65,5.54,5.62,88228
2025-09-30,5.6,5.61,5.55,5.56,63491
2025-10-09,5.57,5.58,5.52,5.57,114832
2025-10-10,5.57,5.65,5.55,5.64,139072
2025-10-13,5.59,5.68,5.52,5.67,157934
2025-10-14,5.67,5.74,5.63,5.74,218663
2025-10-15,5.72,5.76,5.69,5.72,113766
2025-10-16,5.74,5.78,5.71,5.76,169525
2025-10-17,5.78,5.86,5.75,5.82,317191
2025-10-20,5.86,5.87,5.7,5.82,166459
2025-10-21,5.86,5.86,5.77,5.8,129591
2025-10-22,5.8,5.85,5.78,5.81,101518
2025-10-23,5.81,5.85,5.79,5.83,130336
2025-10-24,5.82,5.84,5.76,5.77,94239
2025-10-27,5.77,5.79,5.7,5.74,119775
2025-10-28,5.75,5.83,5.71,5.81,108625
2025-10-29,5.81,5.82,5.68,5.77,107587
2025-10-30,5.78,5.8,5.7,5.71,100965
2025-10-31,5.78,5.83,5.71,5.73,210816
2025-11-03,5.79,5.93,5.77,5.89,349118
2025-11-04,5.92,6.23,5.91,6.12,407544
2025-11-05,6.11,6.31,6.05,6.24,260001
2025-11-06,6.23,6.4,6.21,6.34,231435
2025-11-07,6.32,6.57,6.3,6.32,254599
2025-11-10,6.32,6.42,6.27,6.33,170117
2025-11-11,6.33,6.47,6.28,6.44,169833
2025-11-12,6.41,6.48,6.33,6.37,151693
2025-11-13,6.34,6.42,6.21,6.27,139215
2025-11-14,6.27,6.34,6.15,6.16,118903
2025-11-17,6.2,6.21,6.07,6.12,102645
2025-11-18,6.13,6.15,6.05,6.09,105517
2025-11-19,6.1,6.13,6.03,6.05,98331
2025-11-20,6.05,6.16,6.03,6.05,86617
2025-11-21,6.04,6.09,5.91,5.94,127240
2025-11-24,5.95,5.98,5.85,5.88,150812
2025-11-25,5.88,5.97,5.81,5.92,114160
2025-11-26,5.93,6.03,5.9,6.0,121645
2025-11-27,5.99,6.0,5.9,5.97,89075
2025-11-28,5.98,6.13,5.95,6.09,135291
2025-12-01,6.1,6.13,5.82,5.87,374642
2025-12-02,5.88,6.0,5.86,5.95,202064
2025-12-03,5.95,6.19,5.92,6.12,219269
2025-12-04,6.07,6.12,6.0,6.03,104228
2025-12-05,6.05,6.06,5.94,6.0,105390
2025-12-08,6.0,6.0,5.91,5.97,96373
2025-12-09,5.96,5.98,5.9,5.92,86046
2025-12-10,5.94,6.13,5.93,6.1,151850
2025-12-11,6.1,6.28,6.06,6.14,232168
2025-12-12,6.13,6.26,6.04,6.06,258042
2025-12-15,6.08,6.27,6.0,6.22,216635
2025-12-16,6.2,6.24,6.08,6.11,123538
2025-12-17,6.1,6.18,6.06,6.09,95144
2025-12-18,6.13,6.19,6.08,6.16,88494
2025-12-19,6.15,6.26,6.08,6.21,121573
2025-12-22,6.19,6.26,6.15,6.18,90653
2025-12-23,6.25,6.36,6.18,6.26,145997
2025-12-24,6.27,6.34,6.19,6.32,112311
2025-12-25,6.33,6.44,6.33,6.34,92243
2025-12-26,6.34,6.37,6.25,6.3,90026
2025-12-29,6.28,6.3,6.16,6.19,146376
2025-12-30,6.2,6.2,6.07,6.1,111912
2025-12-31,6.11,6.18,6.07,6.08,81861
2026-01-05,6.06,6.12,6.01,6.1,134808
2026-01-06,6.08,6.12,6.06,6.1,86578
2026-01-07,6.08,6.25,6.04,6.21,148008
2026-01-08,6.19,6.2,6.08,6.14,136945
2026-01-09,6.13,6.16,6.08,6.08,80549
2026-01-12,6.04,6.1,6.04,6.09,99839
2026-01-13,6.09,6.12,6.05,6.07,83460
2026-01-14,6.06,6.08,5.98,5.98,163886
2026-01-15,5.98,6.0,5.95,5.96,63343
2026-01-16,5.98,6.03,5.95,5.98,85113
2026-01-19,5.96,6.03,5.95,5.97,65056
2026-01-20,5.97,6.1,5.95,6.09,125345
2026-01-21,6.08,6.1,5.96,5.98,92379
2026-01-22,5.97,6.05,5.97,6.03,99880
2026-01-23,6.03,6.06,6.0,6.03,90534
2026-01-26,6.05,6.07,5.96,6.04,140211
2026-01-27,6.03,6.07,6.01,6.03,101091
2026-01-28,6.04,6.3,6.04,6.26,271486
2026-01-29,6.28,6.43,6.2,6.35,178584
2026-01-30,6.32,6.5,6.32,6.4,206677
2026-02-02,6.41,6.6,6.34,6.36,202419
2026-02-03,6.35,6.48,6.31,6.43,148781
2026-02-04,6.42,6.64,6.39,6.5,175519
2026-02-05,6.52,6.63,6.48,6.52,120138
2026-02-06,6.53,6.65,6.51,6.58,154571
2026-02-09,6.54,6.6,6.5,6.57,94279
2026-02-10,6.57,6.63,6.5,6.55,118455
2026-02-11,6.55,6.6,6.5,6.53,89565
2026-02-12,6.55,6.56,6.46,6.47,84967
2026-02-13,6.47,6.5,6.35,6.36,72398
2026-02-24,6.39,6.54,6.37,6.37,93136
2026-02-25,6.4,6.45,6.29,6.3,103404
2026-02-26,6.31,6.34,6.24,6.31,74263
2026-02-27,6.32,6.36,6.28,6.3,79258
2026-03-02,6.4,6.4,6.22,6.25,131292
2026-03-03,6.33,6.41,6.26,6.33,158109
2026-03-04,6.36,6.38,6.16,6.16,175492
2026-03-05,6.21,6.25,6.08,6.2,126731
2026-03-06,6.17,6.38,6.17,6.36,115324
2026-03-09,6.4,6.45,6.28,6.29,120502
2026-03-10,6.3,6.35,6.18,6.22,134911
2026-03-11,6.21,6.27,6.13,6.27,166315
2026-03-12,6.24,6.31,6.17,6.29,171415
2026-03-13,6.35,6.42,6.27,6.36,230648
2026-03-16,6.34,6.41,6.2,6.33,205160
2026-03-17,6.32,6.58,6.31,6.55,169667
2026-03-18,6.52,6.53,6.27,6.34,177902
2026-03-19,6.32,6.41,6.27,6.29,125833
2026-03-20,6.3,6.45,6.27,6.31,134893
2026-03-23,6.31,6.31,5.95,6.01,187817
2026-03-24,6.07,6.31,6.02,6.28,177771
2026-03-25,6.28,6.46,6.2,6.42,134946
2026-03-26,6.42,6.54,6.42,6.44,121345
2026-03-27,6.4,6.49,6.29,6.34,136317
2026-03-30,6.35,6.42,6.25,6.41,132316
2026-03-31,6.11,6.11,5.78,5.79,527424
2026-04-01,5.84,5.87,5.65,5.68,329921
2026-04-02,5.7,5.91,5.68,5.86,314689
2026-04-03,5.9,5.92,5.63,5.69,232823
2026-04-07,5.71,5.73,5.46,5.5,307268
2026-04-08,5.54,5.67,5.51,5.66,241206
2026-04-09,5.62,5.65,5.54,5.55,145571
2026-04-10,5.56,5.71,5.56,5.67,191630
2026-04-13,5.67,5.74,5.64,5.7,148612
2026-04-14,5.73,5.78,5.68,5.76,149873
2026-04-15,5.79,5.93,5.77,5.91,163765
2026-04-16,5.93,6.06,5.89,6.03,167002
2026-04-17,6.01,6.07,5.95,6.01,159259
2026-04-20,6.03,6.15,5.99,6.09,139324
2026-04-21,6.06,6.22,6.06,6.17,119348
2026-04-22,6.15,6.24,6.14,6.17,102435
2026-04-23,6.15,6.32,6.13,6.29,136216
2026-04-24,6.27,6.32,6.21,6.22,109838
2026-04-27,6.25,6.3,6.11,6.12,123755
2026-04-28,6.1,6.19,6.09,6.17,82475
2026-04-29,6.2,6.23,6.11,6.16,80860
