Date,Open,Close,High,Low,Volume
2015-08-11,45.409,45.78,45.806,45.257, 0 
2015-08-12,45.396,45.581,45.694,44.774, 0 
2015-08-13,45.502,45.575,45.78,45.363, 0 
2015-08-14,45.627,46.157,46.21,45.489, 0 
2015-08-17,45.952,46.044,46.196,45.786, 0 
2015-08-18,45.978,45.846,46.203,45.7, 0 
2015-08-19,45.727,45.614,46.005,45.316, 0 
2015-08-20,45.31,45.462,45.852,45.214, 0 
2015-08-21,45.184,44.628,45.35,44.615, 0 
2015-08-24,42.889,43.491,44.198,42.022, 0 
2015-08-25,44.172,43.067,44.324,43.047, 0 
2015-08-26,43.802,44.278,44.404,43.378, 0 
2015-08-27,44.675,44.562,44.906,43.973, 0 
2015-08-28,44.508,44.681,44.708,44.268, 0 
2015-08-31,44.521,44.175,44.628,44.041, 0 
2015-09-01,43.528,43.795,44.341,43.322, 0 
2015-09-02,44.055,44.481,44.501,43.935, 0 
2015-09-03,44.441,44.875,45.041,44.288, 0 
2015-09-04,44.475,44.375,44.595,44.048, 0 
2015-09-08,45.021,45.001,45.088,44.561, 0 
2015-09-09,45.194,44.095,45.308,44.008, 0 
2015-09-10,44.001,44.221,44.495,43.961, 0 
2015-09-11,44.101,44.648,44.661,43.968, 0 
2015-09-14,44.648,44.475,44.655,44.368, 0 
2015-09-15,44.415,44.961,45.048,44.261, 0 
2015-09-16,44.955,45.581,45.708,44.955, 0 
2015-09-17,45.568,45.901,46.381,45.391, 0 
2015-09-18,45.141,44.955,45.801,44.861, 0 
2015-09-21,45.214,45.094,45.388,45.001, 0 
2015-09-22,44.608,44.675,44.908,44.355, 0 
2015-09-23,44.695,44.848,44.921,44.395, 0 
2015-09-24,44.635,44.795,44.888,44.268, 0 
2015-09-25,45.114,45.468,46.074,44.941, 0 
2015-09-28,45.121,44.328,45.361,44.281, 0 
2015-09-29,44.321,44.288,44.428,43.981, 0 
2015-09-30,44.655,44.355,44.821,44.115, 0 
2015-10-01,44.161,44.148,44.401,43.342, 0 
2015-10-02,43.908,44.928,44.928,43.722, 0 
2015-10-05,45.194,45.361,45.503,44.915, 0 
2015-10-06,45.308,45.021,45.321,44.981, 0 
2015-10-07,45.161,45.468,45.474,45.055, 0 
2015-10-08,45.434,46.148,46.161,45.274, 0 
2015-10-09,46.114,46.281,46.654,46.054, 0 
2015-10-12,46.248,46.541,46.647,46.174, 0 
2015-10-13,46.301,46.228,46.514,46.134, 0 
2015-10-14,46.141,45.754,46.281,45.691, 0 
2015-10-15,45.968,46.121,46.174,45.738, 0 
2015-10-16,46.314,46.514,46.547,46.108, 0 
2015-10-19,46.474,46.394,46.767,46.327, 0 
2015-10-20,46.414,45.968,46.414,45.921, 0 
2015-10-21,46.068,46.394,46.641,45.948, 0 
2015-10-22,46.654,47.994,48.214,46.622, 0 
2015-10-23,48.014,47.787,48.187,47.587, 0 
2015-10-26,47.827,47.687,47.934,47.57, 0 
2015-10-27,47.514,47.347,47.654,47.134, 0 
2015-10-28,47.387,47.267,47.427,46.827, 0 
2015-10-29,47.094,47.314,47.407,46.767, 0 
2015-10-30,47.174,47.001,47.441,46.987, 0 
2015-11-02,47.134,47.061,47.227,46.701, 0 
2015-11-03,45.574,45.381,45.968,44.695, 0 
2015-11-04,45.601,45.774,46.114,45.528, 0 
2015-11-05,45.734,46.234,46.281,45.654, 0 
2015-11-06,46.008,45.274,46.008,44.855, 0 
2015-11-09,45.094,44.968,45.162,44.575, 0 
2015-11-10,44.828,44.875,45.121,44.681, 0 
2015-11-11,44.935,45.068,45.308,44.921, 0 
2015-11-12,44.768,44.188,44.961,44.161, 0 
2015-11-13,44.161,44.048,44.455,43.928, 0 
2015-11-16,44.048,44.608,44.621,44.041, 0 
2015-11-17,44.608,44.008,44.868,43.088, 0 
2015-11-18,44.135,44.195,44.298,43.742, 0 
2015-11-19,44.421,44.301,44.701,44.235, 0 
2015-11-20,44.601,44.155,44.621,44.061, 0 
2015-11-23,44.915,45.701,46.114,44.721, 0 
2015-11-24,45.621,45.228,45.901,45.015, 0 
2015-11-25,45.361,46.108,46.341,45.321, 0 
2015-11-27,46.274,46.502,46.623,46.147, 0 
2015-11-30,46.563,46.167,46.622,46.136, 0 
2015-12-01,46.583,46.576,46.986,46.348, 0 
2015-12-02,46.449,46.247,46.717,46.194, 0 
2015-12-03,46.227,46.006,46.677,45.784, 0 
2015-12-04,46.106,47.113,47.247,46.019, 0 
2015-12-07,47.06,47.335,47.597,46.932, 0 
2015-12-08,47.16,47.543,47.671,46.919, 0 
2015-12-09,47.12,47.395,47.798,46.999, 0 
2015-12-10,47.395,47.482,47.926,47.039, 0 
2015-12-11,47.167,47.08,47.368,46.825, 0 
2015-12-14,47.1,47.717,47.785,47.1, 0 
2015-12-15,47.825,48.006,48.16,47.576, 0 
2015-12-16,48.013,48.315,48.382,47.576, 0 
2015-12-17,48.087,48.073,48.51,47.597, 0 
2015-12-18,47.845,47.516,47.905,47.503, 0 
2015-12-21,47.832,47.697,47.926,47.341, 0 
2015-12-22,47.684,48.463,48.671,47.576, 0 
2015-12-23,48.597,49.053,49.141,48.463, 0 
2015-12-24,48.932,48.919,49.094,48.751, 0 
2015-12-28,48.892,48.919,49.006,48.724, 0 
2015-12-29,49.194,49.349,49.409,49.167, 0 
2015-12-30,49.396,49.134,49.463,49.08, 0 
2015-12-31,48.865,48.516,48.939,48.322, 0 
2016-01-04,48.06,48.073,48.12,47.57, 0 
2016-01-05,48.382,48.248,48.792,48.026, 0 
2016-01-06,47.858,48.342,48.536,47.764, 0 
2016-01-07,47.724,47.241,47.852,47.167, 0 
2016-01-08,47.892,47.986,48.597,47.247, 0 
2016-01-11,48.113,48.033,48.281,47.684, 0 
2016-01-12,48.308,47.979,48.429,47.449, 0 
2016-01-13,48.026,47.597,48.496,47.576, 0 
2016-01-14,47.63,48.113,48.536,47.516, 0 
2016-01-15,47.2,47.442,47.785,47.187, 0 
2016-01-19,47.677,47.825,48.04,47.536, 0 
2016-01-20,47.509,47.06,47.657,46.14, 0 
2016-01-21,47.073,46.966,47.348,46.368, 0 
2016-01-22,47.435,48.073,48.214,47.18, 0 
2016-01-25,47.798,47.335,48.1,47.288, 0 
2016-01-26,47.221,47.798,47.999,47.06, 0 
2016-01-27,47.946,48.046,48.557,47.758, 0 
2016-01-28,48.429,48.865,49.167,48.147, 0 
2016-01-29,49.073,49.302,49.604,48.839, 0 
2016-02-01,49.221,49.402,49.772,49.033, 0 
2016-02-02,49.033,48.59,49.181,48.516, 0 
2016-02-03,48.651,48.563,49.04,48.013, 0 
2016-02-04,48.348,48.221,48.503,47.93, 0 
2016-02-05,48.442,48.228,48.734,48.046, 0 
2016-02-08,47.852,47.872,48.301,47.486, 0 
2016-02-09,47.415,47.932,48.127,47.214, 0 
2016-02-10,48.194,47.57,48.671,47.368, 0 
2016-02-11,48.671,49.47,50.027,48.489, 0 
2016-02-12,49.899,50.329,50.356,49.476, 0 
2016-02-16,49.906,50.477,50.571,49.564, 0 
2016-02-17,50.416,50.852,51.181,50.356, 0 
2016-02-18,50.913,50.879,51.02,50.221, 0 
2016-02-19,50.758,50.698,50.861,50.342, 0 
2016-02-22,50.47,49.557,50.638,49.275, 0 
2016-02-23,49.376,49.758,50.07,49.365, 0 
2016-02-24,49.624,49.617,49.845,49.362, 0 
2016-02-25,49.772,50.289,50.329,49.705, 0 
2016-02-26,50.405,49.641,50.628,49.269, 0 
2016-02-29,49.499,50.026,50.357,49.382, 0 
2016-03-01,50.391,50.128,50.466,50.013, 0 
2016-03-02,49.945,50.749,50.783,49.411, 0 
2016-03-03,50.493,50.581,50.621,50.121, 0 
2016-03-04,50.581,50.844,51.027,50.357, 0 
2016-03-07,50.648,50.641,50.824,50.445, 0 
2016-03-08,50.445,50.581,50.777,50.351, 0 
2016-03-09,50.858,50.824,51.31,50.675, 0 
2016-03-10,50.824,50.851,51.101,50.594, 0 
2016-03-11,51.027,51.047,51.162,50.756, 0 
2016-03-14,50.891,50.655,50.973,50.499, 0 
2016-03-15,50.364,50.749,50.929,50.161, 0 
2016-03-16,50.925,51.114,51.27,50.351, 0 
2016-03-17,51.31,51.662,51.912,51.162, 0 
2016-03-18,51.723,51.473,51.756,51.256, 0 
2016-03-21,51.223,51.02,51.398,50.952, 0 
2016-03-22,50.864,50.303,50.986,50.08, 0 
2016-03-23,50.243,50.716,50.932,50.148, 0 
2016-03-24,50.641,50.986,51.114,50.472, 0 
2016-03-28,50.939,51.141,51.337,50.911, 0 
2016-03-29,51.216,51.763,51.966,51.114, 0 
2016-03-30,51.939,51.925,52.074,51.702, 0 
2016-03-31,51.723,51.736,51.952,51.628, 0 
2016-04-01,51.169,52.622,52.703,51.047, 0 
2016-04-04,52.635,52.764,52.784,52.04, 0 
2016-04-05,52.649,51.912,52.716,51.801, 0 
2016-04-06,52.716,52.568,52.716,52.223, 0 
2016-04-07,52.432,52.115,52.5,51.973, 0 
2016-04-08,52.182,52.209,52.378,51.912, 0 
2016-04-11,52.284,52.034,52.601,51.959, 0 
2016-04-12,52.074,52.27,52.399,52.074, 0 
2016-04-13,52.378,51.817,52.378,51.635, 0 
2016-04-14,51.831,51.675,52.115,51.635, 0 
2016-04-15,51.709,52.412,52.446,51.635, 0 
2016-04-18,52.317,52.493,52.615,52.135, 0 
2016-04-19,52.507,52.446,52.574,52.074, 0 
2016-04-20,52.405,51.844,52.561,51.756, 0 
2016-04-21,51.871,50.682,51.871,50.662, 0 
2016-04-22,50.736,50.878,50.925,50.499, 0 
2016-04-25,50.79,51.229,51.429,50.77, 0 
2016-04-26,51.304,50.905,51.392,50.817, 0 
2016-04-27,51.067,51.628,51.797,51.02, 0 
2016-04-28,51.31,51.689,51.98,51.223, 0 
2016-04-29,51.642,51.912,52,51.405, 0 
2016-05-02,52.04,52.338,52.507,51.905, 0 
2016-05-03,52.128,51.939,52.466,51.804, 0 
2016-05-04,51.736,52.054,52.277,51.723, 0 
2016-05-05,51.297,50.722,51.811,50.608, 0 
2016-05-06,50.628,50.702,50.885,49.81, 0 
2016-05-09,50.689,50.918,51.155,50.493, 0 
2016-05-10,51.135,51.615,51.621,51.094, 0 
2016-05-11,51.533,51.486,51.986,51.412, 0 
2016-05-12,51.851,52.25,52.405,51.784, 0 
2016-05-13,52.115,52.169,52.676,52.007, 0 
2016-05-16,52.047,52.196,52.338,51.888, 0 
2016-05-17,51.993,50.973,52.263,50.783, 0 
2016-05-18,50.891,50.716,50.986,50.047, 0 
2016-05-19,50.574,50.851,50.939,50.378, 0 
2016-05-20,50.837,50.216,50.837,50.087, 0 
2016-05-23,50.216,50.29,50.722,50.189, 0 
2016-05-24,50.317,50.452,50.689,50.175, 0 
2016-05-25,50.493,50.52,50.77,50.351, 0 
2016-05-26,50.553,50.912,51.087,50.547, 0 
2016-05-27,51.012,50.678,51.189,50.475, 0 
2016-05-31,50.672,50.597,50.971,50.352, 0 
2016-06-01,50.617,50.957,51.195,50.583, 0 
2016-06-02,50.876,50.706,50.9,50.522, 0 
2016-06-03,50.733,51.114,51.4,50.733, 0 
2016-06-06,51.121,50.699,51.257,50.57, 0 
2016-06-07,50.706,51.134,51.338,50.617, 0 
2016-06-08,51.141,51.76,51.91,51.08, 0 
2016-06-09,51.733,52.856,52.862,51.679, 0 
2016-06-10,52.624,53.148,53.189,52.577, 0 
2016-06-13,53.066,52.318,53.243,52.25, 0 
2016-06-14,52.094,52.304,52.529,51.576, 0 
2016-06-15,52.311,51.917,52.434,51.583, 0 
2016-06-16,51.889,52.406,52.563,51.774, 0 
2016-06-17,52.366,52.23,52.372,51.672, 0 
2016-06-20,52.434,52.291,52.706,52.264, 0 
2016-06-21,52.468,52.611,52.869,52.359, 0 
2016-06-22,52.645,52.624,52.837,52.509, 0 
2016-06-23,52.89,52.951,52.951,52.495, 0 
2016-06-24,51.991,52.515,52.951,51.821, 0 
2016-06-27,52.243,52.468,52.543,52.134, 0 
2016-06-28,52.332,51.815,52.475,51.42, 0 
2016-06-29,52.1,52.774,52.869,51.719, 0 
2016-06-30,52.781,55.55,56.176,52.76, 0 
2016-07-01,55.41,55.516,55.822,54.863, 0 
2016-07-05,55.468,55.965,56.189,55.135, 0 
2016-07-06,55.903,56.114,56.393,55.781, 0 
2016-07-07,56.427,55.971,56.597,55.788, 0 
2016-07-08,56.182,56.223,56.271,55.604, 0 
2016-07-11,56.128,55.577,56.162,55.495, 0 
2016-07-12,55.556,55.461,55.754,55.264, 0 
2016-07-13,55.563,56.543,56.665,55.414, 0 
2016-07-14,56.468,58.046,58.305,56.468, 0 
2016-07-15,58.149,58.502,58.659,57.78, 0 
2016-07-18,58.475,58.244,58.764,58.101, 0 
2016-07-19,58.23,59.176,59.298,58.101, 0 
2016-07-20,59.121,55.965,59.189,55.917, 0 
2016-07-21,56.121,56.114,56.429,55.883, 0 
2016-07-22,56.312,56.373,56.38,55.965, 0 
2016-07-25,56.332,56.815,56.917,56.305, 0 
2016-07-26,56.815,56.359,57.169,56.312, 0 
2016-07-27,56.223,55.291,56.322,55.162, 0 
2016-07-28,55.346,55.645,55.733,55.216, 0 
2016-07-29,55.733,56.271,56.529,55.652, 0 
2016-08-01,56.21,56.039,56.318,55.801, 0 
2016-08-02,56.046,55.699,56.176,55.522, 0 
2016-08-03,55.713,55.162,55.761,54.815, 0 
2016-08-04,56.087,56.074,57.216,55.832, 0 
2016-08-05,56.359,56.271,56.876,56.039, 0 
2016-08-08,56.393,56.414,56.434,55.747, 0 
2016-08-09,56.414,56.454,56.611,56.25, 0 
2016-08-10,56.489,56.441,56.693,56.339, 0 
2016-08-11,56.584,56.781,57.339,56.468, 0 
2016-08-12,56.808,56.829,57.155,56.706, 0 
2016-08-15,56.727,56.733,57.033,56.587, 0 
2016-08-16,56.625,56.094,56.713,56.053, 0 
2016-08-17,56.298,56.176,56.665,55.624, 0 
2016-08-18,56.121,56.482,56.495,56.012, 0 
2016-08-19,56.366,56.495,56.563,55.977, 0 
2016-08-22,56.536,56.502,56.706,56.278, 0 
2016-08-23,56.495,56.257,56.591,55.992, 0 
2016-08-24,56.23,56.019,56.298,55.693, 0 
2016-08-25,56.053,56.346,56.91,56.053, 0 
2016-08-26,56.325,56.039,56.72,55.937, 0 
2016-08-29,56.135,56.543,56.625,56.074, 0 
2016-08-30,56.415,55.991,56.621,55.915, 0 
2016-08-31,56.066,56.285,56.361,55.861, 0 
2016-09-01,56.059,55.929,56.169,55.669, 0 
2016-09-02,56.258,56.429,56.675,56.224, 0 
2016-09-06,56.463,56.525,56.675,56.244, 0 
2016-09-07,56.313,55.32,56.402,55.225, 0 
2016-09-08,55.169,54.765,55.265,54.717, 0 
2016-09-09,54.423,52.807,54.43,52.807, 0 
2016-09-12,52.91,54.176,54.341,52.889, 0 
2016-09-13,53.814,53.492,54.129,53.334, 0 
2016-09-14,53.608,53.464,53.909,53.286, 0 
2016-09-15,53.245,53.581,53.745,53.225, 0 
2016-09-16,53.334,53.417,53.615,53.122, 0 
2016-09-19,53.43,53.519,53.773,53.293, 0 
2016-09-20,53.8,52.91,53.875,52.903, 0 
2016-09-21,52.978,53.115,53.204,52.65, 0 
2016-09-22,53.348,53.553,53.677,53.259, 0 
2016-09-23,53.334,53.204,53.468,53.184, 0 
2016-09-26,53.061,52.985,53.17,52.889, 0 
2016-09-27,53.17,52.978,53.218,52.759, 0 
2016-09-28,52.978,53.28,53.328,52.958, 0 
2016-09-29,53.273,52.896,53.451,52.876, 0 
2016-09-30,53.019,53.04,53.417,53.019, 0 
2016-10-03,52.862,52.889,53.006,52.602, 0 
2016-10-04,52.725,52.136,52.807,52.061, 0 
2016-10-05,52.205,52.157,52.355,51.547, 0 
2016-10-06,51.992,52.013,52.15,51.678, 0 
2016-10-07,52.075,52.266,52.615,51.965, 0 
2016-10-10,52.376,52.355,52.759,52.191, 0 
2016-10-11,52.355,52.068,52.39,51.876, 0 
2016-10-12,52.04,52.348,52.523,51.945, 0 
2016-10-13,52.075,51.883,52.081,51.424, 0 
2016-10-14,52.027,51.684,52.253,51.656, 0 
2016-10-17,51.801,51.342,51.808,51.301, 0 
2016-10-18,51.65,51.595,51.821,51.431, 0 
2016-10-19,51.602,51.301,51.63,51.054, 0 
2016-10-20,51.328,50.822,51.328,50.692, 0 
2016-10-21,50.678,50.897,51.061,50.431, 0 
2016-10-24,51.034,50.856,51.212,50.575, 0 
2016-10-25,50.829,50.808,51,50.774, 0 
2016-10-26,50.794,50.712,51.027,50.637, 0 
2016-10-27,50.712,50.774,51.116,50.664, 0 
2016-10-28,50.849,51.096,51.335,50.753, 0 
2016-10-31,51.28,51.438,51.452,51.109, 0 
2016-11-01,51.773,51.493,52.061,51.157, 0 
2016-11-02,51.534,51.41,51.91,51.253, 0 
2016-11-03,51.342,50.644,51.431,50.493, 0 
2016-11-04,50.623,50.438,50.733,50.342, 0 
2016-11-07,50.918,51.315,51.39,50.705, 0 
2016-11-08,51.178,52.691,53.656,51.178, 0 
2016-11-09,51.636,51.267,51.657,50.233, 0 
2016-11-10,50.979,49.74,51.096,49.61, 0 
2016-11-11,49.788,49.637,50.147,49.329, 0 
2016-11-14,49.589,49.658,49.952,49.179, 0 
2016-11-15,49.795,50.253,50.322,49.774, 0 
2016-11-16,50.288,50.158,50.411,49.952, 0 
2016-11-17,50.021,50.281,50.507,49.692, 0 
2016-11-18,50.219,50.027,50.349,49.867, 0 
2016-11-21,49.863,50.247,50.39,49.863, 0 
2016-11-22,50.397,51,51.116,50.397, 0 
2016-11-23,50.746,50.247,51.075,50.113, 0 
2016-11-25,50.466,50.774,50.993,50.346, 0 
2016-11-28,50.671,50.589,51.061,50.445, 0 
2016-11-29,50.69,50.759,50.835,50.215, 0 
2016-11-30,50.511,49.642,50.594,49.615, 0 
2016-12-01,49.374,48.925,49.539,48.77, 0 
2016-12-02,49.112,49.07,49.298,48.808, 0 
2016-12-05,49.112,49.415,49.425,49.029, 0 
2016-12-06,49.553,49.622,49.753,49.374, 0 
2016-12-07,48.939,50.091,50.16,48.939, 0 
2016-12-08,49.87,49.705,49.911,49.546, 0 
2016-12-09,49.753,50.408,50.559,49.698, 0 
2016-12-12,50.297,50.884,51.001,50.249, 0 
2016-12-13,50.884,50.987,51.359,50.78, 0 
2016-12-14,51.118,50.415,51.283,50.297, 0 
2016-12-15,50.346,50.615,50.918,50.222, 0 
2016-12-16,50.649,50.532,51.056,50.38, 0 
2016-12-19,50.553,50.277,50.656,50.08, 0 
2016-12-20,49.594,50.518,50.525,49.525, 0 
2016-12-21,50.477,50.435,51.015,50.325, 0 
2016-12-22,50.539,50.787,50.904,50.125, 0 
2016-12-23,50.725,50.725,50.78,50.387, 0 
2016-12-27,50.725,50.918,51.063,50.511, 0 
2016-12-28,50.897,50.628,50.952,50.553, 0 
2016-12-29,50.684,50.994,51.118,50.559, 0 
2016-12-30,51.021,50.821,51.132,50.622, 0 
2017-01-03,50.821,50.587,50.821,50.215, 0 
2017-01-04,50.704,50.456,50.835,50.422, 0 
2017-01-05,50.36,50.408,50.594,49.891, 0 
2017-01-06,50.173,50.422,50.622,50.056, 0 
2017-01-09,50.511,49.732,50.511,49.663, 0 
2017-01-10,49.836,49.408,49.884,49.38, 0 
2017-01-11,49.394,49.553,49.787,49.353, 0 
2017-01-12,49.511,49.587,49.87,49.415, 0 
2017-01-13,49.498,49.215,49.574,48.987, 0 
2017-01-17,49.298,49.663,49.677,49.284, 0 
2017-01-18,49.649,49.629,50.022,49.525, 0 
2017-01-19,49.58,49.491,49.711,49.422, 0 
2017-01-20,49.58,49.787,50.091,49.484, 0 
2017-01-23,49.78,49.842,49.96,49.408, 0 
2017-01-24,49.849,50.063,50.242,49.753, 0 
2017-01-25,50.215,49.856,50.215,49.784, 0 
2017-01-26,49.856,49.705,50.042,49.608, 0 
2017-01-27,49.732,50.332,50.418,49.532, 0 
2017-01-30,50.366,50.104,50.366,49.849, 0 
2017-01-31,50.146,50.132,50.325,50.063, 0 
2017-02-01,49.856,49.574,49.994,49.263, 0 
2017-02-02,49.732,50.173,50.628,49.656, 0 
2017-02-03,50.346,50.58,50.877,50.035, 0 
2017-02-06,50.442,49.87,50.553,49.829, 0 
2017-02-07,50.056,50.229,50.38,49.904, 0 
2017-02-08,50.229,50.67,50.746,50.111, 0 
2017-02-09,51.435,52.704,52.876,51.428, 0 
2017-02-10,52.511,52.4,52.786,52.2, 0 
2017-02-13,52.325,52.138,52.428,51.938, 0 
2017-02-14,52.056,52.345,52.504,51.883, 0 
2017-02-15,51.904,52.428,52.607,51.388, 0 
2017-02-16,52.325,51.511,52.704,51.277, 0 
2017-02-17,50.325,50.263,50.808,49.946, 0 
2017-02-21,51.097,51.532,51.628,50.911, 0 
2017-02-22,51.463,51.359,51.828,51.097, 0 
2017-02-23,51.414,51.573,51.725,51.38, 0 
2017-02-24,51.483,51.869,51.869,51.483, 0 
2017-02-27,51.681,51.293,51.931,51.188, 0 
2017-02-28,51.306,51.424,51.792,51.306, 0 
2017-03-01,51.424,51.952,51.959,51.202, 0 
2017-03-02,52.022,52.084,52.14,51.716, 0 
2017-03-03,52.091,51.702,52.091,51.424, 0 
2017-03-06,51.411,51.529,51.654,51.209, 0 
2017-03-07,51.48,51.473,51.904,51.431, 0 
2017-03-08,51.334,51.279,51.431,51.126, 0 
2017-03-09,51.452,51.445,51.577,51.181, 0 
2017-03-10,51.744,51.508,51.827,51.397, 0 
2017-03-13,51.404,51.48,51.501,51.268, 0 
2017-03-14,51.286,51.536,51.709,51.286, 0 
2017-03-15,51.64,51.897,52.07,51.536, 0 
2017-03-16,51.827,51.904,51.904,51.539, 0 
2017-03-17,52.133,52.147,52.285,51.883, 0 
2017-03-20,52.077,52.056,52.202,51.834, 0 
2017-03-21,51.418,51.098,51.577,51.001, 0 
2017-03-22,51.105,50.48,51.119,50.182, 0 
2017-03-23,50.487,50.758,51.063,50.251, 0 
2017-03-24,50.883,50.682,51.001,50.508, 0 
2017-03-27,50.571,50.376,50.682,50.266, 0 
2017-03-28,50.293,50.446,50.55,50.126, 0 
2017-03-29,50.453,50.737,50.793,50.196, 0 
2017-03-30,50.633,50.362,50.772,50.251, 0 
2017-03-31,50.3,50.411,50.626,50.3, 0 
2017-04-03,50.397,50.244,50.508,50.085, 0 
2017-04-04,50.272,50.175,50.453,49.89, 0 
2017-04-05,50.223,50.508,50.661,50.112, 0 
2017-04-06,50.397,50.272,50.397,50.001, 0 
2017-04-07,50.237,50.397,50.494,50.164, 0 
2017-04-10,50.321,50.175,50.516,50.078, 0 
2017-04-11,50.196,50.091,50.362,49.967, 0 
2017-04-12,50.036,50.216,50.397,49.967, 0 
2017-04-13,50.223,49.953,50.39,49.925, 0 
2017-04-17,50.043,50.203,50.244,49.987, 0 
2017-04-18,50.251,50.668,50.945,50.196, 0 
2017-04-19,50.786,50.446,50.911,50.314, 0 
2017-04-20,50.404,50.536,50.571,50.147, 0 
2017-04-21,50.362,50.279,50.529,50.213, 0 
2017-04-24,50.515,50.522,50.682,50.362, 0 
2017-04-25,50.55,50.23,50.661,50.223, 0 
2017-04-26,50.251,49.633,50.286,49.619, 0 
2017-04-27,49.682,49.265,49.724,49.14, 0 
2017-04-28,49.335,49.293,49.418,48.995, 0 
2017-05-01,49.356,48.703,49.425,48.689, 0 
2017-05-02,48.953,47.925,48.953,47.849, 0 
2017-05-03,47.988,47.863,48.043,47.675, 0 
2017-05-04,47.689,48.877,49.633,47.689, 0 
2017-05-05,49.113,49.078,49.113,48.592, 0 
2017-05-08,49.078,50.473,50.981,48.772, 0 
2017-05-09,50.411,49.189,50.487,48.925, 0 
2017-05-10,49.168,49.328,49.508,49.14, 0 
2017-05-11,49.321,49.078,49.369,48.731, 0 
2017-05-12,48.918,49.175,49.258,48.807, 0 
2017-05-15,49.113,49.307,49.39,49.106, 0 
2017-05-16,49.39,48.842,49.411,48.731, 0 
2017-05-17,48.647,48.967,49.258,48.578, 0 
2017-05-18,48.863,48.654,48.974,48.495, 0 
2017-05-19,48.738,49.314,49.363,48.474, 0 
2017-05-22,49.015,49.508,49.592,49.015, 0 
2017-05-23,49.536,49.717,49.862,49.474, 0 
2017-05-24,49.717,50.348,50.404,49.682, 0 
2017-05-25,50.577,50.459,50.765,50.271, 0 
2017-05-26,50.55,50.418,50.702,50.189, 0 
2017-05-30,50.308,50.126,50.308,49.776, 0 
2017-05-31,50.217,50.07,50.469,50.035, 0 
2017-06-01,50.273,51.007,51.014,50.042, 0 
2017-06-02,51.399,51.028,51.399,50.86, 0 
2017-06-05,50.811,51.014,51.077,50.734, 0 
2017-06-06,50.937,50.937,51.112,50.797, 0 
2017-06-07,50.874,51.14,51.21,50.839, 0 
2017-06-08,51.028,50.525,51.224,50.511, 0 
2017-06-09,50.483,50.811,50.888,50.406, 0 
2017-06-12,50.902,51.105,51.49,50.874, 0 
2017-06-13,50.958,51.259,51.378,50.581, 0 
2017-06-14,51.441,51.392,51.944,51.357, 0 
2017-06-15,51.259,51.119,51.497,50.969, 0 
2017-06-16,51.007,50.266,51.049,49.707, 0 
2017-06-19,50.35,50.182,50.441,49.899, 0 
2017-06-20,50.21,49.714,50.35,49.693, 0 
2017-06-21,49.846,49.287,49.979,49.224, 0 
2017-06-22,49.301,49.238,49.616,49.196, 0 
2017-06-23,49.301,49.343,49.574,49.224, 0 
2017-06-26,49.49,49.644,49.899,49.322, 0 
2017-06-27,49.035,48.49,49.14,48.455, 0 
2017-06-28,48.86,48.623,49.203,48.602, 0 
2017-06-29,48.602,48.035,48.658,47.944, 0 
2017-06-30,48.329,48.574,48.888,48.287, 0 
2017-07-03,48.658,48.084,48.658,48.07, 0 
2017-07-05,48.063,47.343,48.217,47.252, 0 
2017-07-06,47.224,46.539,47.413,46.504, 0 
2017-07-07,46.609,46.518,46.783,46.441, 0 
2017-07-10,46.532,46.063,46.637,46, 0 
2017-07-11,45.895,45.693,46.21,45.679, 0 
2017-07-12,45.972,45.972,46.273,45.913, 0 
2017-07-13,45.986,46.168,46.287,45.881, 0 
2017-07-14,46.364,46.42,46.469,46.259, 0 
2017-07-17,46.315,46.679,46.811,46.315, 0 
2017-07-18,46.644,46.336,46.679,46.259, 0 
2017-07-19,46.462,46.399,46.644,46.315, 0 
2017-07-20,46.469,46.679,46.755,46.322, 0 
2017-07-21,46.581,47.007,47.049,46.532, 0 
2017-07-24,47.028,46.734,47.196,46.609, 0 
2017-07-25,46.832,47.252,47.344,46.734, 0 
2017-07-26,47.252,47.07,47.301,46.888, 0 
2017-07-27,47.042,47.329,47.378,46.888, 0 
2017-07-28,47.308,47.308,47.413,47.098, 0 
2017-07-31,47.378,47.553,47.686,47.231, 0 
2017-08-01,47.525,47.175,47.654,47.056, 0 
2017-08-02,47,47.161,47.539,46.525, 0 
2017-08-03,47.623,49.203,49.602,47.42, 0 
2017-08-04,50.014,48.686,50.105,48.511, 0 
2017-08-07,48.818,49.028,49.053,48.686, 0 
2017-08-08,48.839,48.406,48.909,48.224, 0 
2017-08-09,48.273,48.28,48.476,48.175, 0 
2017-08-10,48.14,48.077,48.28,47.972, 0 
2017-08-11,47.993,48.119,48.252,47.888, 0 
2017-08-14,48.427,48.853,48.86,48.266, 0 
2017-08-15,48.874,48.818,49.007,48.693, 0 
2017-08-16,48.748,49,49.329,48.748, 0 
2017-08-17,48.909,49.021,49.364,48.895, 0 
2017-08-18,48.986,48.916,49,48.63, 0 
2017-08-21,48.93,49.091,49.427,48.724, 0 
2017-08-22,49.049,48.951,49.133,48.755, 0 
2017-08-23,48.734,48.888,49,48.658, 0 
2017-08-24,48.553,47.49,48.56,47.427, 0 
2017-08-25,47.553,47.35,47.623,47.133, 0 
2017-08-28,47.385,46.7,47.42,46.371, 0 
2017-08-29,46.686,46.364,46.846,46.196, 0 
2017-08-30,46.531,46.566,46.658,46.171, 0 
2017-08-31,46.277,46.15,46.601,45.939, 0 
2017-09-01,46.157,46.143,46.383,45.868, 0 
2017-09-05,46.164,46.813,46.982,46.129, 0 
2017-09-06,46.778,47.828,47.849,46.489, 0 
2017-09-07,47.906,47.765,48.244,47.391, 0 
2017-09-08,47.74,48.258,48.505,47.504, 0 
2017-09-11,48.364,48.484,48.724,48.336, 0 
2017-09-12,48.427,48.286,48.801,48.188, 0 
2017-09-13,48.315,47.927,48.484,47.849, 0 
2017-09-14,47.828,47.673,47.962,47.377, 0 
2017-09-15,47.708,48.167,48.167,47.673, 0 
2017-09-18,48.16,48.371,48.399,48.004, 0 
2017-09-19,47.849,46.439,47.962,46.249, 0 
2017-09-20,45.748,45.629,46.242,44.909, 0 
2017-09-21,45.629,45.065,45.819,44.924, 0 
2017-09-22,45.177,44.67,45.389,44.493, 0 
2017-09-25,44.642,45.142,45.283,44.416, 0 
2017-09-26,45.072,44.712,45.086,44.395, 0 
2017-09-27,44.712,44.444,44.754,44, 0 
2017-09-28,44.374,44.282,44.959,43.922, 0 
2017-09-29,44.451,43.972,44.539,43.788, 0 
2017-10-02,43.866,44.219,44.501,43.499, 0 
2017-10-03,44.211,43.725,44.289,43.704, 0 
2017-10-04,43.697,44.007,44.289,43.683, 0 
2017-10-05,44.106,44.204,44.522,43.972, 0 
2017-10-06,44.352,43.993,44.546,43.944, 0 
2017-10-09,44.007,43.034,44.049,43.027, 0 
2017-10-10,43.196,43.337,43.521,43.091, 0 
2017-10-11,43.387,43.182,43.676,43.161, 0 
2017-10-12,43.14,43.986,44.127,43.14, 0 
2017-10-13,44.021,43.683,44.037,43.457, 0 
2017-10-16,43.633,43.647,43.894,43.584, 0 
2017-10-17,43.619,43.528,43.774,43.422, 0 
2017-10-18,43.535,43.563,43.679,43.38, 0 
2017-10-19,43.514,43.499,43.69,43.295, 0 
2017-10-20,43.471,43.323,43.535,42.978, 0 
2017-10-23,43.394,43.344,43.655,43.232, 0 
2017-10-24,43.33,43.147,43.528,42.985, 0 
2017-10-25,42.978,42.639,43.048,42.304, 0 
2017-10-26,42.837,42.689,42.928,42.322, 0 
2017-10-27,42.597,42.484,42.646,42.174, 0 
2017-10-30,42.35,41.504,42.414,41.427, 0 
2017-10-31,44.056,44.085,45.072,43.549, 0 
2017-11-01,44.162,44.423,44.924,43.577, 0 
2017-11-02,44.303,43.979,44.465,43.947, 0 
2017-11-03,44.021,43.683,44.056,43.464, 0 
2017-11-06,43.605,42.442,43.605,42.435, 0 
2017-11-07,42.477,42.893,43.281,42.393, 0 
2017-11-08,43.006,44.289,44.395,42.907, 0 
2017-11-09,44.197,44.613,44.712,44.053, 0 
2017-11-10,44.444,45.614,45.96,44.352, 0 
2017-11-13,45.544,44.952,45.826,44.853, 0 
2017-11-14,44.945,45.953,46.002,44.839, 0 
2017-11-15,45.826,44.938,45.868,44.416, 0 
2017-11-16,45.156,46.023,46.066,45.036, 0 
2017-11-17,45.812,46.08,46.418,45.777, 0 
2017-11-20,46.023,46.221,46.686,46.002, 0 
2017-11-21,46.016,45.368,46.016,45.17, 0 
2017-11-22,45.784,45.622,45.784,45.234, 0 
2017-11-24,45.798,45.777,45.847,45.473, 0 
2017-11-27,45.755,45.875,46.066,45.403, 0 
2017-11-28,45.988,46.489,46.503,45.671, 0 
2017-11-29,46.242,47.095,47.758,46.242, 0 
2017-11-30,47.472,47.025,47.782,46.726, 0 
2017-12-01,46.925,46.904,47.288,46.264, 0 
2017-12-04,47.018,48.006,48.133,46.89, 0 
2017-12-05,48.084,48.311,48.539,47.821, 0 
2017-12-06,48.311,48.425,48.539,48.073, 0 
2017-12-07,48.332,47.814,48.425,47.792, 0 
2017-12-08,47.671,47.288,47.785,47.167, 0 
2017-12-11,47.238,47.302,47.355,46.932, 0 
2017-12-12,47.352,46.875,47.352,46.861, 0 
2017-12-13,47.067,46.79,47.138,46.762, 0 
2017-12-14,46.733,46.236,46.819,46.207, 0 
2017-12-15,46.328,46.193,46.854,45.639, 0 
2017-12-18,46.271,46.655,47.003,46.129, 0 
2017-12-19,46.861,46.534,46.925,46.47, 0 
2017-12-20,46.712,47.529,47.728,46.3, 0 
2017-12-21,47.551,48.084,48.219,47.501, 0 
2017-12-22,48.176,48.404,48.51,48.098, 0 
2017-12-26,48.304,48.439,48.492,48.19, 0 
2017-12-27,48.482,48.539,48.837,48.396, 0 
2017-12-28,48.496,48.354,48.606,48.169, 0 
2017-12-29,48.446,48.318,48.773,48.304, 0 
2018-01-02,48.354,48.311,48.453,48.048, 0 
2018-01-03,48.411,48.084,48.425,47.913, 0 
2018-01-04,48.141,48.851,48.88,47.97, 0 
2018-01-05,48.937,49.001,49.178,48.759, 0 
2018-01-08,48.951,49.164,49.193,48.773, 0 
2018-01-09,49.185,48.887,49.193,48.755, 0 
2018-01-10,48.574,47.636,48.659,47.494, 0 
2018-01-11,47.828,46.897,47.828,46.605, 0 
2018-01-12,46.918,45.98,46.954,45.959, 0 
2018-01-16,46.378,46.868,47.053,46.243, 0 
2018-01-17,47.067,47.273,47.892,47.003, 0 
2018-01-18,47.174,46.769,47.174,46.456, 0 
2018-01-19,46.875,47.352,47.629,46.769, 0 
2018-01-22,47.586,47.743,47.757,47.11, 0 
2018-01-23,47.6,47.572,47.849,47.273, 0 
2018-01-24,47.65,47.835,48.226,47.629, 0 
2018-01-25,47.885,48.269,48.581,47.856, 0 
2018-01-26,48.183,48.567,48.645,48.062, 0 
2018-01-29,48.418,48.162,48.624,48.141, 0 
2018-01-30,48.098,48.29,48.503,47.7, 0 
2018-01-31,48.354,48.411,48.723,47.92, 0 
2018-02-01,48.332,48.56,49.015,47.743, 0 
2018-02-02,48.453,46.52,48.453,46.499, 0 
2018-02-05,46.655,45.582,47.153,45.543, 0 
2018-02-06,44.878,46.314,46.421,44.75, 0 
2018-02-07,46.321,45.639,47.408,45.603, 0 
2018-02-08,45.909,46.897,47.849,45.88, 0 
2018-02-09,47.337,47.856,48.176,46.911, 0 
2018-02-12,48.084,47.671,48.667,47.593, 0 
2018-02-13,47.544,47.97,48.19,47.387, 0 
2018-02-14,47.849,48.148,48.347,47.423, 0 
2018-02-15,48.404,49.626,49.704,47.87, 0 
2018-02-16,49.143,49.512,49.676,48.894, 0 
2018-02-20,49.278,49.527,49.96,49.278, 0 
2018-02-21,49.406,48.553,49.655,48.51, 0 
2018-02-22,48.574,48.517,49.47,48.446, 0 
2018-02-23,48.425,48.716,48.716,47.565, 0 
2018-02-26,48.659,49.008,49.157,48.19, 0 
2018-02-27,49.043,47.714,49.256,47.7, 0 
2018-02-28,47.792,47.053,47.956,47.039, 0 
2018-03-01,47.487,47.558,48.219,47.195, 0 
2018-03-02,47.559,48.498,48.713,47.559, 0 
2018-03-05,48.319,49.587,49.601,48.312, 0 
2018-03-06,49.551,50.089,50.167,49.322, 0 
2018-03-07,49.451,49.659,49.945,49.171, 0 
2018-03-08,49.802,49.902,49.967,49.465, 0 
2018-03-09,50.053,50.339,50.741,49.659, 0 
2018-03-12,50.44,50.038,50.934,50.038, 0 
2018-03-13,50.268,49.902,50.605,49.773, 0 
2018-03-14,50.096,49.444,50.633,49.365, 0 
2018-03-15,49.451,48.003,49.702,47.638, 0 
2018-03-16,48.147,47.609,48.527,47.208, 0 
2018-03-19,47.559,47.602,48.218,47.401, 0 
2018-03-20,47.745,47.523,48.111,47.201, 0 
2018-03-21,45.847,45.632,46.083,45.166, 0 
2018-03-22,45.581,45.409,46.205,45.395, 0 
2018-03-23,45.61,45.108,46.112,45.108, 0 
2018-03-26,45.682,45.954,46.033,45.345, 0 
2018-03-27,46.147,46.133,46.599,45.976, 0 
2018-03-28,46.233,45.789,46.592,45.696, 0 
2018-03-29,45.99,46.585,46.749,45.99, 0 
2018-04-02,46.556,45.23,46.57,45.058, 0 
2018-04-03,45.46,45.409,45.531,44.81, 0 
2018-04-04,45.144,46.527,46.957,45.137, 0 
2018-04-05,46.692,46.262,46.85,46.126, 0 
2018-04-06,46.219,46.033,46.893,45.696, 0 
2018-04-09,46.226,46.205,46.757,45.825, 0 
2018-04-10,46.298,45.589,46.592,45.481, 0 
2018-04-11,45.517,45.395,45.718,45.245, 0 
2018-04-12,45.431,44.865,45.538,44.815, 0 
2018-04-13,44.922,45.187,45.237,44.721, 0 
2018-04-16,45.108,45.739,45.775,44.736, 0 
2018-04-17,45.997,45.71,46.112,45.474, 0 
2018-04-18,45.617,45.438,45.728,45.323, 0 
2018-04-19,45.259,44.571,45.345,44.37, 0 
2018-04-20,44.535,43.188,44.865,42.851, 0 
2018-04-23,43.267,43.367,43.489,42.987, 0 
2018-04-24,43.51,43.324,43.639,42.934, 0 
2018-04-25,43.245,43.675,44.019,43.202, 0 
2018-04-26,43.668,43.066,43.725,42.07, 0 
2018-04-27,43.131,43.167,43.525,43.081, 0 
2018-04-30,43.181,42.206,43.335,42.17, 0 
2018-05-01,42.142,42.099,42.335,41.712, 0 
2018-05-02,41.97,40.594,41.973,40.415, 0 
2018-05-03,41.92,41.669,42.185,41.103, 0 
2018-05-04,41.784,42.851,43.46,41.741, 0 
2018-05-07,42.837,43.346,43.439,42.837, 0 
2018-05-08,43.238,43.21,43.446,42.987, 0 
2018-05-09,43.346,43.231,43.833,43.023, 0 
2018-05-10,43.432,43.74,43.847,43.331, 0 
2018-05-11,43.819,43.991,44.213,43.639, 0 
2018-05-14,44.055,44.177,44.227,43.768, 0 
2018-05-15,44.062,43.89,44.342,43.539, 0 
2018-05-16,43.983,44.062,44.198,43.783, 0 
2018-05-17,44.148,43.84,44.198,43.675, 0 
2018-05-18,43.424,43.131,43.482,42.486, 0 
2018-05-21,43.339,43.546,43.976,43.083, 0 
2018-05-22,43.697,44.084,44.521,43.553, 0 
2018-05-23,44.306,44.593,44.657,44.098, 0 
2018-05-24,44.636,45.51,45.56,44.585, 0 
2018-05-25,45.574,46.742,46.986,45.431, 0 
2018-05-29,46.405,46.276,46.878,45.954, 0 
2018-05-30,46.405,47.273,47.487,46.176, 0 
2018-05-31,47.396,46.522,47.396,46.031, 0 
2018-06-01,46.601,46.117,46.674,45.94, 0 
2018-06-04,46.327,46.688,46.912,46.255, 0 
2018-06-05,46.746,45.713,46.876,45.503, 0 
2018-06-06,45.713,45.453,45.713,44.925, 0 
2018-06-07,44.542,44.983,45.662,44.282, 0 
2018-06-08,45.207,46.031,46.168,45.207, 0 
2018-06-11,46.153,47.288,47.515,46.153, 0 
2018-06-12,47.909,47.476,47.909,46.984, 0 
2018-06-13,47.62,47.519,47.895,47.15, 0 
2018-06-14,47.627,48.119,48.249,47.331, 0 
2018-06-15,48.176,48.451,48.509,47.786, 0 
2018-06-18,48.299,47.873,48.632,47.591, 0 
2018-06-19,47.548,48.111,48.436,47.541, 0 
2018-06-20,48.176,48.184,48.27,47.324, 0 
2018-06-21,48.263,48.292,48.544,47.952, 0 
2018-06-22,48.516,48.697,48.921,48.249, 0 
2018-06-25,49,49.889,50.026,48.993, 0 
2018-06-26,49.708,49.636,49.838,49.434, 0 
2018-06-27,49.527,49.983,50.777,48.979, 0 
2018-06-28,49.961,50.337,50.698,49.592, 0 
2018-06-29,50.387,50.481,50.792,49.661, 0 
2018-07-02,50.279,50.293,50.618,49.961, 0 
2018-07-03,50.351,50.098,50.394,49.975, 0 
2018-07-05,50.38,51.688,51.695,50.243, 0 
2018-07-06,51.724,51.897,52.193,51.341, 0 
2018-07-09,51.897,50.915,51.984,50.734, 0 
2018-07-10,51.059,51.037,51.225,50.618, 0 
2018-07-11,51.102,50.813,51.117,50.647, 0 
2018-07-12,51.052,51.066,51.247,50.77, 0 
2018-07-13,50.915,51.42,51.522,50.734, 0 
2018-07-16,51.37,51.001,51.37,50.893, 0 
2018-07-17,50.879,51.045,51.298,50.813, 0 
2018-07-18,51.088,49.824,51.153,49.636, 0 
2018-07-19,49.788,50.286,50.543,49.766, 0 
2018-07-20,50.633,50.72,50.842,50.142, 0 
2018-07-23,50.611,50.474,50.828,50.17, 0 
2018-07-24,50.315,50.705,50.73,50.004, 0 
2018-07-25,50.72,51.189,51.225,50.705, 0 
2018-07-26,51.55,51.211,52.208,51.131, 0 
2018-07-27,51.391,51.587,51.76,51.139, 0 
2018-07-30,51.117,51.536,51.796,51.009, 0 
2018-07-31,51.659,51.319,51.861,51.001, 0 
2018-08-01,51.391,50.163,51.406,49.968, 0 
2018-08-02,49.636,50.488,50.604,48.256, 0 
2018-08-03,50.72,52.128,52.916,50.59, 0 
2018-08-06,52.237,52.165,52.497,51.713, 0 
2018-08-07,52.056,51.948,52.078,51.565, 0 
2018-08-08,52.128,51.305,52.193,51.298, 0 
2018-08-09,51.63,51.514,51.63,51.225, 0 
2018-08-10,51.355,51.572,51.883,51.175, 0 
2018-08-13,51.644,51.305,51.688,51.001, 0 
2018-08-14,51.399,51.666,52.128,51.399, 0 
2018-08-15,51.594,52.092,52.15,51.471, 0 
2018-08-16,52.092,52.526,52.967,52.013, 0 
2018-08-17,52.511,53.198,53.378,52.511, 0 
2018-08-20,53.306,53.263,53.696,53.169, 0 
2018-08-21,53.378,52.179,53.48,52.013, 0 
2018-08-22,52.23,52.121,52.504,51.68, 0 
2018-08-23,51.811,52.1,52.107,51.543, 0 
2018-08-24,52.107,52.345,52.706,52.078, 0 
2018-08-27,52.49,52.035,52.663,51.883, 0 
2018-08-28,51.774,51.637,52.042,51.29, 0 
2018-08-29,51.926,51.883,51.962,51.619, 0 
2018-08-30,51.673,51.839,52.136,51.644, 0 
2018-08-31,51.905,52.276,52.494,51.886, 0 
2018-09-04,52.291,52.363,52.647,52.152, 0 
2018-09-05,52.116,52.939,52.982,51.934, 0 
2018-09-06,52.771,53.63,53.678,52.764, 0 
2018-09-07,53.405,53.951,54.206,53.266, 0 
2018-09-10,53.987,53.9,54.308,53.725, 0 
2018-09-11,53.805,53.492,53.878,53.274, 0 
2018-09-12,53.732,54.213,54.257,53.558, 0 
2018-09-13,54.293,54.468,54.497,53.827, 0 
2018-09-14,54.337,54.497,54.544,53.973, 0 
2018-09-17,54.388,54.395,54.599,54.118, 0 
2018-09-18,53.696,53.419,53.849,52.757, 0 
2018-09-19,53.492,52.72,53.776,52.582, 0 
2018-09-20,52.88,53.011,53.106,52.509, 0 
2018-09-21,53.113,53.281,53.47,52.808, 0 
2018-09-24,52.859,52.677,53.47,52.6, 0 
2018-09-25,52.764,52.502,52.859,52.298, 0 
2018-09-26,52.611,52.363,53.041,52.334, 0 
2018-09-27,51.897,50.98,52.094,50.608, 0 
2018-09-28,51.082,50.987,51.526,50.907, 0 
2018-10-01,51.024,50.892,51.242,50.743, 0 
2018-10-02,51.06,51.278,51.839,50.987, 0 
2018-10-03,51.577,50.004,51.825,49.877, 0 
2018-10-04,49.48,50.346,50.456,48.599, 0 
2018-10-05,50.244,50.521,50.754,50.244, 0 
2018-10-08,50.652,51.162,51.373,50.652, 0 
2018-10-09,51.104,50.237,51.213,50.128, 0 
2018-10-10,50.39,50.048,51.264,50.041, 0 
2018-10-11,50.179,49.24,50.499,49.167, 0 
2018-10-12,49.458,49.48,49.684,49.145, 0 
2018-10-15,49.524,50.004,50.426,49.52, 0 
2018-10-16,50.237,50.863,51.169,50.011, 0 
2018-10-17,50.667,50.718,51.125,50.295, 0 
2018-10-18,50.842,50.652,51.351,50.405, 0 
2018-10-19,50.973,51.825,51.963,50.973, 0 
2018-10-22,52.087,51.402,52.393,51.249, 0 
2018-10-23,51.198,51.832,52.079,50.754, 0 
2018-10-24,51.956,52.028,53.143,51.941, 0 
2018-10-25,51.905,51.373,51.956,51.169, 0 
2018-10-26,51.235,50.361,51.526,50.048, 0 
2018-10-29,50.565,51.184,51.81,50.565, 0 
2018-10-30,51.613,52.327,52.444,51.293, 0 
2018-10-31,47.82,47.681,49.123,47.295, 0 
2018-11-01,47.412,46.604,47.412,46.254, 0 
2018-11-02,46.436,45.875,46.77,45.548, 0 
2018-11-05,46.13,45.985,46.698,45.817, 0 
2018-11-06,46.086,46.887,46.909,45.744, 0 
2018-11-07,47.15,46.8,47.259,46.043, 0 
2018-11-08,46.618,47.463,47.499,46.604, 0 
2018-11-09,47.397,47.339,47.812,46.938, 0 
2018-11-12,47.288,46.822,47.688,46.687, 0 
2018-11-13,46.887,46.181,47.055,45.584, 0 
2018-11-14,45.38,45.482,45.853,45.002, 0 
2018-11-15,45.213,45.526,45.54,44.674, 0 
2018-11-16,45.519,44.951,45.693,44.79, 0 
2018-11-19,44.929,44.921,45.35,44.332, 0 
2018-11-20,45.366,44.936,45.795,44.819, 0 
2018-11-21,44.936,45.067,46.057,44.841, 0 
2018-11-23,44.892,44.958,45.06,44.535, 0 
2018-11-26,44.914,44.783,45.118,44.565, 0 
2018-11-27,44.812,45.329,45.497,44.492, 0 
2018-11-28,44.885,45.584,45.628,44.681, 0 
2018-11-29,45.562,46.057,46.349,45.533, 0 
2018-11-30,46.074,46.765,46.794,46.052, 0 
2018-12-03,46.735,46.375,46.735,46.03, 0 
2018-12-04,46.611,45.362,46.963,45.215, 0 
2018-12-06,45.369,45.016,45.553,44.436, 0 
2018-12-07,45.002,44.7,45.002,44.23, 0 
2018-12-10,44.781,44.304,44.943,43.723, 0 
2018-12-11,44.473,44.722,45.229,44.443, 0 
2018-12-12,45.002,44.818,45.126,44.605, 0 
2018-12-13,44.943,44.855,45.082,44.568, 0 
2018-12-14,44.686,44.348,44.957,44.12, 0 
2018-12-17,44.23,43.517,44.487,43.165, 0 
2018-12-18,43.466,43.238,43.914,42.966, 0 
2018-12-19,43.833,43.121,44.436,42.966, 0 
2018-12-20,42.966,42.114,43.069,41.504, 0 
2018-12-21,42.445,42.349,43.312,42.019, 0 
2018-12-24,42.232,41.012,42.239,40.88, 0 
2018-12-26,41.181,41.989,42.011,40.49, 0 
2018-12-27,41.864,41.982,41.982,40.821, 0 
2018-12-28,42.114,42.063,42.636,41.791, 0 
2018-12-31,42.019,41.886,42.21,41.551, 0 
2019-01-02,41.717,41.614,41.952,41.225, 0 
2019-01-03,41.548,41.688,41.952,41.35, 0 
2019-01-04,41.747,42.099,42.327,41.637, 0 
2019-01-07,41.938,42.298,42.437,41.703, 0 
2019-01-08,42.283,42.533,42.614,42.048, 0 
2019-01-09,42.481,42.577,43.003,42.393, 0 
2019-01-10,42.614,42.827,42.952,42.368, 0 
2019-01-11,42.981,43.04,43.091,42.559, 0 
2019-01-14,42.893,43.01,43.165,42.65, 0 
2019-01-15,43.077,43.576,43.653,43.069, 0 
2019-01-16,43.466,43.437,43.642,43.268, 0 
2019-01-17,43.304,43.554,43.73,43.077, 0 
2019-01-18,43.745,43.664,44.046,43.532, 0 
2019-01-22,43.613,43.128,43.789,42.717, 0 
2019-01-23,43.135,43.444,43.532,43.055, 0 
2019-01-24,42.805,42.364,42.812,42.202, 0 
2019-01-25,42.467,42.452,42.816,42.364, 0 
2019-01-28,42.43,42.702,42.717,42.085, 0 
2019-01-29,42.599,42.783,42.878,42.511, 0 
2019-01-30,42.702,42.489,43.121,42.437, 0 
2019-01-31,42.503,43.356,43.392,42.489, 0 
2019-02-01,43.503,43.128,43.65,42.687, 0 
2019-02-04,43.216,43.29,43.429,42.93, 0 
2019-02-05,43.216,43.451,43.576,43.165, 0 
2019-02-06,43.451,43.466,43.708,43.121, 0 
2019-02-07,41.556,41.027,42.518,40.792, 0 
2019-02-08,40.645,40.674,41.071,40.277, 0 
2019-02-11,40.924,40.902,41.108,39.778, 0 
2019-02-12,40.85,41.534,41.659,40.85, 0 
2019-02-13,41.659,41.85,41.886,41.313, 0 
2019-02-14,41.681,41.57,42.217,41.475, 0 
2019-02-15,41.901,41.725,41.93,40.939, 0 
2019-02-19,41.695,42.188,42.702,41.666, 0 
2019-02-20,42.158,42.944,43.209,42.026, 0 
2019-02-21,42.937,42.856,42.996,42.393, 0 
2019-02-22,41.592,41.681,41.85,40.961, 0 
2019-02-25,41.85,40.894,41.85,40.718, 0 
2019-02-26,41.247,41.085,41.423,40.762, 0 
2019-02-27,41.144,40.968,41.279,40.74, 0 
2019-02-28,41.049,41.335,41.416,40.828, 0 
2019-03-01,41.445,41.761,41.776,41.346, 0 
2019-03-04,41.845,40.524,41.927,40.213, 0 
2019-03-05,40.502,40.643,40.791,40.368, 0 
2019-03-06,40.665,40.42,40.777,40.127, 0 
2019-03-07,40.391,40.294,40.658,40.235, 0 
2019-03-08,40.465,40.487,40.725,40.324, 0 
2019-03-11,40.309,40.183,40.309,39.819, 0 
2019-03-12,40.346,40.19,40.582,40.183, 0 
2019-03-13,40.19,39.782,40.22,39.433, 0 
2019-03-14,39.923,39.931,40.198,39.633, 0 
2019-03-15,40.042,40.272,40.294,39.856, 0 
2019-03-18,40.272,40.272,40.45,40.116, 0 
2019-03-19,40.198,40.376,40.643,40.146, 0 
2019-03-20,40.487,40.153,40.702,40.109, 0 
2019-03-21,40.264,41.912,42.112,40.146, 0 
2019-03-22,41.808,42.105,42.483,41.778, 0 
2019-03-25,42.142,42.053,42.241,41.793, 0 
2019-03-26,42.083,42.721,42.75,42.083, 0 
2019-03-27,42.647,42.253,42.899,42.068, 0 
2019-03-28,42.416,42.275,42.713,42.153, 0 
2019-03-29,42.216,42.58,42.661,42.183, 0 
2019-04-01,42.669,41.571,42.78,41.185, 0 
2019-04-02,41.719,41.815,42.008,41.49, 0 
2019-04-03,41.712,42.045,42.142,41.528, 0 
2019-04-04,42.083,41.89,42.209,41.74, 0 
2019-04-05,41.793,42.149,42.164,41.63, 0 
2019-04-08,42.105,42.669,42.721,42.105, 0 
2019-04-09,42.572,42.416,42.736,42.112, 0 
2019-04-10,42.476,42.706,42.713,42.179, 0 
2019-04-11,42.869,42.557,42.966,42.216, 0 
2019-04-12,42.565,42.721,42.929,42.506, 0 
2019-04-15,42.81,43.3,43.329,42.639, 0 
2019-04-16,43.262,43.329,43.685,43.07, 0 
2019-04-17,43.441,43.107,43.441,42.784, 0 
2019-04-18,43.225,43.374,43.478,42.832, 0 
2019-04-22,43.411,43.307,43.641,43.196, 0 
2019-04-23,43.24,43.359,43.5,43.04, 0 
2019-04-24,43.337,43.463,43.604,43.129, 0 
2019-04-25,43.277,42.995,43.389,42.962, 0 
2019-04-26,43.181,44.079,44.208,43.107, 0 
2019-04-29,44.123,44.257,44.416,43.967, 0 
2019-04-30,44.316,44.747,44.865,44.257, 0 
2019-05-01,44.724,44.071,44.85,43.967, 0 
2019-05-02,42.253,42.58,43.21,41.867, 0 
2019-05-03,42.602,41.904,42.602,41.853, 0 
2019-05-06,41.407,42.595,42.669,41.355, 0 
2019-05-07,42.55,42.409,42.706,41.964, 0 
2019-05-08,42.431,42.483,42.758,41.853, 0 
2019-05-09,42.209,42.884,42.98,42.049, 0 
2019-05-10,42.795,43.515,43.611,42.424, 0 
2019-05-13,43.159,42.877,43.188,42.261, 0 
2019-05-14,42.795,42.424,42.914,42.335, 0 
2019-05-15,42.372,42.572,42.958,42.179, 0 
2019-05-16,42.661,42.595,43.025,42.431, 0 
2019-05-17,42.342,42.313,42.81,42.186, 0 
2019-05-20,42.031,41.882,42.275,41.749, 0 
2019-05-21,42.135,41.956,42.424,41.934, 0 
2019-05-22,41.994,42.172,42.201,41.786, 0 
2019-05-23,42.016,42.365,42.416,41.793, 0 
2019-05-24,42.409,41.971,42.476,41.949, 0 
2019-05-28,42.038,40.487,42.105,40.487, 0 
2019-05-29,40.146,39.181,40.19,38.74, 0 
2019-05-30,39.263,38.654,39.534,38.472, 0 
2019-05-31,38.596,39.429,39.549,38.514, 0 
2019-06-03,39.429,40.359,40.442,39.339, 0 
2019-06-04,40.517,40.959,41.117,40.517, 0 
2019-06-05,41.477,41.267,41.518,40.847, 0 
2019-06-06,41.327,41.837,42.009,41.057, 0 
2019-06-07,42.054,42.002,42.384,41.934, 0 
2019-06-10,42.137,41.087,42.159,40.869, 0 
2019-06-11,41.079,41.754,41.807,41.079, 0 
2019-06-12,41.987,42.174,42.403,41.987, 0 
2019-06-13,42.249,42.467,42.602,42.122, 0 
2019-06-14,42.452,42.482,42.677,42.324, 0 
2019-06-17,42.722,42.422,42.797,42.167, 0 
2019-06-18,42.565,41.634,42.902,41.544, 0 
2019-06-19,41.567,41.304,41.589,40.993, 0 
2019-06-20,41.304,41.402,41.447,40.974, 0 
2019-06-21,41.469,41.702,42.429,41.342, 0 
2019-06-24,41.754,41.852,41.912,41.597, 0 
2019-06-25,41.409,40.907,41.462,40.689, 0 
2019-06-26,40.254,40.096,40.562,39.594, 0 
2019-06-27,39.759,39.901,40.111,39.534, 0 
2019-06-28,39.946,40.186,40.397,39.841, 0 
2019-07-01,40.442,40.044,40.839,39.939, 0 
2019-07-02,40.119,39.991,40.367,39.886, 0 
2019-07-03,40.059,42.512,42.917,40.036, 0 
2019-07-05,43.037,41.837,43.06,41.154, 0 
2019-07-08,41.672,41.582,42.092,41.529, 0 
2019-07-09,41.552,41.147,41.597,40.772, 0 
2019-07-10,41.372,41.094,41.514,40.982, 0 
2019-07-11,41.349,40.959,41.507,40.772, 0 
2019-07-12,41.124,40.922,41.357,40.809, 0 
2019-07-15,40.997,41.259,41.552,40.967, 0 
2019-07-16,41.342,41.424,41.514,41.192, 0 
2019-07-17,41.462,42.009,42.084,41.184, 0 
2019-07-18,42.129,42.745,43.21,41.829, 0 
2019-07-19,42.767,42.444,42.865,42.429, 0 
2019-07-22,42.527,42.414,42.655,41.972, 0 
2019-07-23,42.61,43.667,43.877,42.565, 0 
2019-07-24,43.705,43.705,43.922,43.345, 0 
2019-07-25,43.592,43.787,44.222,43.36, 0 
2019-07-26,43.892,44.057,44.62,43.66, 0 
2019-07-29,44.08,43.825,44.342,43.57, 0 
2019-07-30,43.937,43.93,43.99,43.292, 0 
2019-07-31,43.697,43.675,44.002,43.007, 0 
2019-08-01,45.708,47.733,49.204,45.618, 0 
2019-08-02,47.321,47.561,47.996,47.223, 0 
2019-08-05,46.983,46.323,47.366,46.15, 0 
2019-08-06,46.51,46.255,46.578,45.696, 0 
2019-08-07,46.098,46.135,46.405,45.153, 0 
2019-08-08,45.768,46.878,46.953,45.663, 0 
2019-08-09,46.93,46.645,47.403,46.63, 0 
2019-08-12,46.533,46.165,46.78,45.925, 0 
2019-08-13,46.33,47.036,47.238,46.233, 0 
2019-08-14,46.87,46.173,46.915,46.143, 0 
2019-08-15,46.51,47.651,47.853,46.053, 0 
2019-08-16,47.928,47.846,48.318,47.568, 0 
2019-08-19,47.883,48.333,48.401,47.651, 0 
2019-08-20,48.206,47.433,48.206,47.103, 0 
2019-08-21,47.666,47.523,47.883,47.137, 0 
2019-08-22,47.576,47.913,48.063,47.339, 0 
2019-08-23,47.928,47.448,48.026,46.998, 0 
2019-08-26,47.591,47.748,47.966,47.358, 0 
2019-08-27,47.606,46.585,47.673,46.45, 0 
2019-08-28,46.698,46.893,47.088,46.51, 0 
2019-08-29,47.261,47.231,47.396,46.773, 0 
2019-08-30,47.657,47.543,48.194,47.528, 0 
2019-09-03,47.695,48.225,48.232,47.316, 0 
2019-09-04,48.209,47.952,48.372,47.543, 0 
2019-09-05,48.232,47.573,48.271,47.505, 0 
2019-09-06,48.694,48.618,48.853,48.331, 0 
2019-09-09,48.641,48.58,48.792,48.156, 0 
2019-09-10,48.338,47.642,48.58,47.316, 0 
2019-09-11,47.642,48.293,48.368,47.413, 0 
2019-09-12,48.8,48.225,48.8,48.05, 0 
2019-09-13,47.884,47.96,48.429,47.77, 0 
2019-09-16,47.997,48.285,48.489,47.732, 0 
2019-09-17,48.315,48.565,48.906,48.225, 0 
2019-09-18,48.785,48.156,48.876,47.664, 0 
2019-09-19,48.285,48.255,48.429,48.043, 0 
2019-09-20,48.391,48.247,48.656,48.202, 0 
2019-09-23,48.331,47.907,48.502,47.611, 0 
2019-09-24,48.096,48.376,48.474,47.982, 0 
2019-09-25,48.467,48.497,48.823,48.308, 0 
2019-09-26,49.012,48.611,49.201,48.315, 0 
2019-09-27,48.732,48.527,48.807,48.383, 0 
2019-09-30,48.633,48.717,48.921,48.383, 0 
2019-10-01,48.754,47.77,48.982,47.634, 0 
2019-10-02,47.672,46.93,47.99,46.62, 0 
2019-10-03,47.134,47.248,47.437,46.65, 0 
2019-10-04,47.324,47.566,47.589,47.112, 0 
2019-10-07,47.43,47.452,47.854,47.142, 0 
2019-10-08,47.43,46.816,47.467,46.801, 0 
2019-10-09,46.938,47.028,47.112,46.756, 0 
2019-10-10,46.718,47.218,47.316,46.718, 0 
2019-10-11,47.127,47.036,47.399,46.786, 0 
2019-10-14,47.187,47.233,47.316,46.627, 0 
2019-10-15,47.24,46.885,47.42,46.355, 0 
2019-10-16,46.953,46.43,47.255,46.286, 0 
2019-10-17,46.392,47.097,47.271,46.216, 0 
2019-10-18,47.119,46.892,47.566,46.794, 0 
2019-10-21,47.112,47.316,47.604,46.9, 0 
2019-10-22,47.324,46.998,47.528,46.953, 0 
2019-10-23,47.021,47.097,47.18,46.847, 0 
2019-10-24,46.907,46.68,46.909,46.226, 0 
2019-10-25,46.756,46.097,46.877,45.915, 0 
2019-10-28,46.249,46.226,46.377,45.915, 0 
2019-10-29,47.695,47.596,48.724,46.597, 0 
2019-10-30,47.937,48.361,48.436,47.596, 0 
2019-10-31,48.361,48.096,48.505,47.672, 0 
2019-11-01,48.05,48.209,48.467,47.914, 0 
2019-11-04,48.232,48.119,48.353,47.74, 0 
2019-11-05,48.255,48.088,48.444,47.967, 0 
2019-11-06,48.489,48.762,49.296,48.429, 0 
2019-11-07,48.686,48.247,48.762,47.846, 0 
2019-11-08,48.474,48.444,48.754,48.179, 0 
2019-11-11,48.323,48.05,48.357,47.725, 0 
2019-11-12,48.073,48.429,48.573,47.899, 0 
2019-11-13,48.52,48.762,48.929,48.3, 0 
2019-11-14,48.86,48.489,48.959,48.285, 0 
2019-11-15,48.429,48.951,49.118,48.278, 0 
2019-11-18,49.178,49.534,49.587,48.785, 0 
2019-11-19,49.481,49.451,49.557,49.3, 0 
2019-11-20,49.451,49.496,49.527,49.088, 0 
2019-11-21,49.36,48.997,49.549,48.989, 0 
2019-11-22,49.186,48.838,49.406,48.694, 0 
2019-11-25,48.936,48.709,49.035,48.542, 0 
2019-11-26,48.777,49.58,49.61,48.55, 0 
2019-11-27,49.67,49.67,49.92,49.451, 0 
2019-11-29,49.663,49.732,50.015,49.396, 0 
2019-12-02,49.579,49.961,49.984,49.312, 0 
2019-12-03,49.954,50.137,50.145,49.709, 0 
2019-12-04,49.641,50.198,50.633,49.641, 0 
2019-12-05,50.16,50.213,50.236,49.854, 0 
2019-12-06,50.336,50.572,50.756,50.274, 0 
2019-12-09,50.511,50.817,51.053,50.442, 0 
2019-12-10,50.931,50.893,51.069,50.599, 0 
2019-12-11,50.862,50.519,50.916,50.427, 0 
2019-12-12,50.862,50.549,51.008,50.442, 0 
2019-12-13,50.45,50.595,50.832,50.42, 0 
2019-12-16,50.763,50.618,50.855,50.343, 0 
2019-12-17,50.427,50.481,50.717,50.244, 0 
2019-12-18,50.725,50.771,50.817,50.534, 0 
2019-12-19,51.122,51,51.268,50.824, 0 
2019-12-20,51.855,52.42,52.52,51.619, 0 
2019-12-23,52.566,52.527,52.656,52.039, 0 
2019-12-24,52.558,52.642,52.787,52.359, 0 
2019-12-26,52.665,52.436,52.749,52.314, 0 
2019-12-27,52.436,52.818,52.94,52.436, 0 
2019-12-30,52.627,52.527,52.779,52.352, 0 
2019-12-31,52.52,52.818,52.871,52.367, 0 
2020-01-02,52.795,51.657,52.886,51.454, 0 
2020-01-03,51.565,51.932,52.21,51.472, 0 
2020-01-06,51.932,51.886,52.031,51.588, 0 
2020-01-07,52.94,52.55,53.459,52.417, 0 
2020-01-08,52.527,52.611,52.856,52.321, 0 
2020-01-09,52.94,52.802,52.955,52.336, 0 
2020-01-10,52.909,52.902,53.096,52.833, 0 
2020-01-13,53.008,53.238,53.459,52.909, 0 
2020-01-14,53.238,53.459,53.459,53.123, 0 
2020-01-15,53.459,53.665,53.94,53.367, 0 
2020-01-16,53.841,54.024,54.12,53.665, 0 
2020-01-17,54.078,54.131,54.261,53.826, 0 
2020-01-21,54.001,53.917,54.23,53.696, 0 
2020-01-22,53.765,53.658,54.085,53.482, 0 
2020-01-23,53.322,53.795,54.066,53.222, 0 
2020-01-24,54.017,52.955,54.017,52.779, 0 
2020-01-27,52.611,52.718,53.146,52.482, 0 
2020-01-28,52.688,52.68,53.008,52.608, 0 
2020-01-29,52.657,52.26,52.715,52.229, 0 
2020-01-30,52.184,52.604,52.665,51.962, 0 
2020-01-31,52.581,52.092,52.856,51.939, 0 
2020-02-03,52.375,52.573,52.871,52.199, 0 
2020-02-04,52.825,52.451,53.199,52.413, 0 
2020-02-05,52.558,52.97,53.161,52.558, 0 
2020-02-06,49.045,48.464,50.694,48.228, 0 
2020-02-07,48.312,49.007,49.098,47.64, 0 
2020-02-10,48.839,49.9,49.969,48.533, 0 
2020-02-11,50.083,50.61,50.84,50.007, 0 
2020-02-12,51.55,50.542,51.794,50.462, 0 
2020-02-13,50.572,51.275,51.336,50.442, 0 
2020-02-14,51.229,51.71,51.893,51.099, 0 
2020-02-18,51.344,51.283,51.451,50.809, 0 
2020-02-19,51.29,50.633,51.542,50.595, 0 
2020-02-20,50.236,50.152,50.473,49.717, 0 
2020-02-21,49.946,50.038,50.083,49.602, 0 
2020-02-24,49.396,49.259,49.679,48.823, 0 
2020-02-25,49.381,48.411,49.557,48.022, 0 
2020-02-26,48.602,47.937,49.06,47.785, 0 
2020-02-27,47.472,46.601,47.621,46.525, 0 
2020-02-28,45.822,46.181,46.38,44.073, 0 
2020-03-02,46.419,48.678,48.678,46.349, 0 
2020-03-03,48.685,48.3,49.664,47.837, 0 
2020-03-04,48.84,49.765,49.811,48.57, 0 
2020-03-05,49.133,49.079,49.788,48.786, 0 
2020-03-06,47.737,48.716,48.863,47.444, 0 
2020-03-09,46.419,48.115,48.701,46.257, 0 
2020-03-10,48.469,48.485,49.495,46.55, 0 
2020-03-11,47.382,47.56,47.907,46.403, 0 
2020-03-12,45.116,44.861,46.257,43.821, 0 
2020-03-13,46.311,49.079,49.171,45.875, 0 
2020-03-16,45,48.23,50.004,44.908, 0 
2020-03-17,48.87,53.365,53.481,47.961, 0 
2020-03-18,51.885,53.165,54.244,49.695, 0 
2020-03-19,52.779,47.359,53.003,47.082, 0 
2020-03-20,47.39,43.027,47.436,42.664, 0 
2020-03-23,42.556,41.292,43.782,40.6, 0 
2020-03-24,42.217,43.381,43.905,41.647, 0 
2020-03-25,43.173,43.304,45.694,42.179, 0 
2020-03-26,43.366,45.301,45.964,42.865, 0 
2020-03-27,44.499,45.848,46.974,43.975, 0 
2020-03-30,46.55,46.958,47.413,46.08, 0 
2020-03-31,47.105,46.249,47.668,46.033, 0 
2020-04-01,45.494,47.097,47.344,45.001, 0 
2020-04-02,46.473,47.275,47.783,45.979, 0 
2020-04-03,46.781,49.017,49.294,46.781, 0 
2020-04-06,49.772,48.963,49.772,47.699, 0 
2020-04-07,49.186,48.223,50.135,47.814, 0 
2020-04-08,48.261,47.382,48.439,47.028, 0 
2020-04-09,47.012,48.369,49.341,47.012, 0 
2020-04-13,48.138,48.416,48.57,47.182, 0 
2020-04-14,49.248,49.048,49.641,48.585, 0 
2020-04-15,49.048,48.531,49.048,48.184, 0 
2020-04-16,48.924,49.441,49.672,48.369, 0 
2020-04-17,49.634,50.127,50.15,48.924, 0 
2020-04-20,50.189,51.075,51.769,49.927, 0 
2020-04-21,50.775,50.512,51.068,49.745, 0 
2020-04-22,50.782,49.865,50.902,49.865, 0 
2020-04-23,49.441,49.726,50.058,49.41, 0 
2020-04-24,50.05,49.418,50.05,48.755, 0 
2020-04-27,49.942,50.189,50.512,49.356, 0 
2020-04-28,50.358,50.698,51.044,50.127, 0 
2020-04-29,50.204,50.035,51.06,50, 0 
2020-04-30,51.276,50.497,52.34,49.664, 0 
2020-05-01,50.266,50.004,50.767,49.796, 0 
2020-05-04,50.011,49.086,50.189,48.971, 0 
2020-05-05,49.025,48.755,49.487,48.678, 0 
2020-05-06,48.801,49.41,49.634,48.469, 0 
2020-05-07,49.688,48.331,49.857,48.192, 0 
2020-05-08,48.732,49.094,49.21,48.385, 0 
2020-05-11,49.109,48.77,49.641,48.67, 0 
2020-05-12,49.001,48.978,49.688,48.963, 0 
2020-05-13,49.009,49.472,50.092,49.009, 0 
2020-05-14,49.657,49.071,50.065,48.439, 0 
2020-05-15,49.055,49.395,50.081,48.955, 0 
2020-05-18,49.688,49.148,49.741,48.516, 0 
2020-05-19,49.117,48.13,49.225,48.045, 0 
2020-05-20,48.053,48.169,48.4,47.406, 0 
2020-05-21,48.099,47.313,48.169,46.812, 0 
2020-05-22,47.236,47.868,47.922,46.966, 0 
2020-05-26,48.03,47.891,48.408,47.745, 0 
2020-05-27,47.953,49.811,49.811,47.76, 0 
2020-05-28,50.158,50.435,50.759,49.95, 0 
2020-05-29,50.45,50.792,51.049,49.867, 0 
2020-06-01,50.964,51.415,51.601,50.528, 0 
2020-06-02,51.306,51.959,52.006,50.73, 0 
2020-06-03,52.239,50.886,52.278,50.847, 0 
2020-06-04,50.722,50.326,50.971,49.984, 0 
2020-06-05,50.45,51.034,51.508,50.108, 0 
2020-06-08,50.754,52.239,52.511,50.676, 0 
2020-06-09,52.107,51.485,52.196,51.337, 0 
2020-06-10,51.648,51.734,52.068,51.446, 0 
2020-06-11,50.964,49.595,51.314,49.587, 0 
2020-06-12,49.991,49.455,50.201,49.05, 0 
2020-06-15,49.206,50.932,50.971,48.778, 0 
2020-06-16,51.337,51.858,52.15,51.065, 0 
2020-06-17,51.99,52.169,52.612,51.944, 0 
2020-06-18,52.076,52.69,52.745,51.951, 0 
2020-06-19,53.04,52.713,53.312,52.34, 0 
2020-06-22,52.566,51.874,52.643,51.601, 0 
2020-06-23,52.13,51.578,52.465,51.524, 0 
2020-06-24,51.516,50.458,51.516,49.991, 0 
2020-06-25,50.38,50.948,51.15,50.069, 0 
2020-06-26,51.096,49.665,51.407,49.525, 0 
2020-06-29,49.836,50.614,50.932,49.781, 0 
2020-06-30,50.964,51.376,51.508,50.551, 0 
2020-07-01,51.384,51.275,51.765,50.94, 0 
2020-07-02,51.578,51.57,51.912,51.422, 0 
2020-07-06,51.912,51.485,52.255,51.158, 0 
2020-07-07,51.337,51.804,52.099,50.999, 0 
2020-07-08,51.866,51.804,51.874,50.925, 0 
2020-07-09,51.516,51.251,51.726,51.08, 0 
2020-07-10,51.376,52.255,52.325,51.29, 0 
2020-07-13,52.713,52.068,52.807,51.695, 0 
2020-07-14,51.874,53.196,53.266,51.726, 0 
2020-07-15,53.157,52.955,53.699,52.846, 0 
2020-07-16,52.993,53.071,53.693,52.752, 0 
2020-07-17,53.235,53.374,53.538,53.165, 0 
2020-07-20,53.235,52.433,53.273,52.247, 0 
2020-07-21,52.503,52.628,53.235,52.48, 0 
2020-07-22,52.62,52.465,52.659,51.757, 0 
2020-07-23,52.628,53.203,53.258,52.62, 0 
2020-07-24,53.39,53.413,53.826,52.768, 0 
2020-07-27,53.273,54.417,54.514,53.273, 0 
2020-07-28,54.417,55.148,55.467,54.417, 0 
2020-07-29,55.451,55.171,55.645,54.899, 0 
2020-07-30,55.995,54.899,56.68,54.308, 0 
2020-07-31,54.518,53.654,54.891,52.939, 0 
2020-08-03,53.662,53.934,54.168,53.476, 0 
2020-08-04,53.942,54.214,54.269,53.709, 0 
2020-08-05,54.261,53.864,54.603,53.787, 0 
2020-08-06,53.732,53.841,54.316,53.616, 0 
2020-08-07,53.857,54.067,54.23,53.429, 0 
2020-08-10,54.113,53.678,54.284,53.32, 0 
2020-08-11,53.717,52.986,53.841,52.815, 0 
2020-08-12,53.118,53.88,54.308,53.025, 0 
2020-08-13,53.88,53.678,53.88,53.304, 0 
2020-08-14,53.561,53.74,53.927,53.363, 0 
2020-08-17,53.74,54.191,54.277,53.499, 0 
2020-08-18,54.082,54.526,54.802,53.724, 0 
2020-08-19,54.417,53.546,54.627,53.452, 0 
2020-08-20,53.538,53.46,53.849,53.304, 0 
2020-08-21,53.499,53.577,53.709,53.009, 0 
2020-08-24,53.639,54.113,54.113,53.211, 0 
2020-08-25,54.308,54.043,54.308,53.507, 0 
2020-08-26,53.896,54.735,54.805,53.678, 0 
2020-08-27,54.829,54.798,55.327,54.728, 0 
2020-08-28,54.72,54.86,55.047,53.934, 0 
2020-08-31,54.939,55.598,55.771,54.892, 0 
2020-09-01,55.23,54.289,55.496,54.022, 0 
2020-09-02,54.163,55.214,55.512,54.163, 0 
2020-09-03,55.128,54.837,56.178,54.296, 0 
2020-09-04,54.641,54.273,55.081,53.842, 0 
2020-09-08,54.1,52.015,54.563,51.646, 0 
2020-09-09,52.493,52.164,52.94,51.819, 0 
2020-09-10,52.078,51.748,52.666,51.607, 0 
2020-09-11,51.662,51.309,51.764,51.043, 0 
2020-09-14,51.403,51.294,51.795,51.254, 0 
2020-09-15,51.27,51.458,51.983,51.058, 0 
2020-09-16,51.427,50.125,51.599,50.063, 0 
2020-09-17,49.671,49.796,49.867,49.137, 0 
2020-09-18,49.177,49.333,49.835,48.824, 0 
2020-09-21,48.957,49.177,49.592,48.541, 0 
2020-09-22,49.177,49.137,49.914,48.941, 0 
2020-09-23,49.474,47.93,49.71,47.899, 0 
2020-09-24,47.828,49.122,49.224,47.703, 0 
2020-09-25,49.09,49.459,49.647,49.028, 0 
2020-09-28,49.835,49.694,50.023,49.263, 0 
2020-09-29,50,49.741,50.078,49.459, 0 
2020-09-30,49.968,50.643,50.76,49.819, 0 
2020-10-01,50.745,50.478,50.807,49.914, 0 
2020-10-02,50,50.737,51.137,49.71, 0 
2020-10-05,50.839,51.317,51.372,50.58, 0 
2020-10-06,51.348,51.09,51.639,50.854, 0 
2020-10-07,51.066,50.854,51.403,50.462, 0 
2020-10-08,51.011,51.137,51.301,50.76, 0 
2020-10-09,51.403,51.631,51.921,51.082, 0 
2020-10-12,51.748,51.991,52.297,51.662, 0 
2020-10-13,51.811,52.391,52.477,51.748, 0 
2020-10-14,52.328,52.423,52.901,52.195, 0 
2020-10-15,52.25,52.642,52.877,51.991, 0 
2020-10-16,52.76,52.611,52.979,52.477, 0 
2020-10-19,52.65,52.289,53.214,52.219, 0 
2020-10-20,52.768,51.944,52.807,51.897, 0 
2020-10-21,51.686,51.725,52.234,51.576, 0 
2020-10-22,51.772,52.031,52.164,51.435, 0 
2020-10-23,52.376,52.344,52.752,52.07, 0 
2020-10-26,52.211,51.513,52.376,51.286, 0 
2020-10-27,51.333,50.909,51.717,50.878, 0 
2020-10-28,50.572,49.78,50.776,49.772, 0 
2020-10-29,50.008,49.459,50.729,49.122, 0 
2020-10-30,49.239,49.31,49.859,49.051, 0 
2020-11-02,49.992,50.133,50.651,49.616, 0 
2020-11-03,50.502,50.478,51.348,50.243, 0 
2020-11-04,50.635,49.851,51.121,49.78, 0 
2020-11-05,50.235,50.415,51.129,50.18, 0 
2020-11-06,50.431,50.455,51.066,50.219, 0 
2020-11-09,50.627,49.365,51.003,49.286, 0 
2020-11-10,49.341,50.329,50.384,48.69, 0 
2020-11-11,50.509,51.435,51.49,50.274, 0 
2020-11-12,51.435,51.043,51.49,50.619, 0 
2020-11-13,51.49,51.56,51.576,51.035, 0 
2020-11-16,51.325,52.203,52.242,50.972, 0 
2020-11-17,51.913,51.999,52.548,51.654, 0 
2020-11-18,52.062,50.98,52.234,50.964, 0 
2020-11-19,50.949,51.129,51.278,50.486, 0 
2020-11-20,51.129,50.972,51.27,50.564, 0 
2020-11-23,49.474,49.921,50.415,49.474, 0 
2020-11-24,50.219,48.981,50.376,48.941, 0 
2020-11-25,49.341,49.6,50.306,49.263, 0 
2020-11-27,49.937,49.772,50,49.396, 0 
2020-11-30,49.75,50.565,50.573,49.441, 0 
2020-12-01,50.406,50.383,50.612,50.074, 0 
2020-12-02,50.264,49.623,50.493,49.457, 0 
2020-12-03,49.528,49.845,49.9,49.41, 0 
2020-12-04,49.781,49.346,49.781,49.046, 0 
2020-12-07,49.41,49.014,49.623,48.872, 0 
2020-12-08,49.141,49.489,49.536,48.856, 0 
2020-12-09,49.584,49.054,49.718,48.705, 0 
2020-12-10,49.156,49.038,49.299,48.808, 0 
2020-12-11,48.769,49.141,49.417,48.674, 0 
2020-12-14,49.449,48.99,49.726,48.959, 0 
2020-12-15,49.069,48.452,49.148,48.294, 0 
2020-12-16,48.753,48.658,49.038,48.46, 0 
2020-12-17,48.99,49.433,49.623,48.879, 0 
2020-12-18,49.449,49.117,49.663,48.705, 0 
2020-12-21,48.785,48.682,48.8,47.978, 0 
2020-12-22,48.579,48.413,48.666,48.12, 0 
2020-12-23,48.666,48.745,49.038,48.547, 0 
2020-12-24,48.721,48.879,48.974,48.595, 0 
2020-12-28,48.998,49.323,49.338,48.895, 0 
2020-12-29,49.433,49.283,49.908,49.061, 0 
2020-12-30,49.172,48.682,49.22,48.618, 0 
2020-12-31,48.682,49.235,49.283,48.523, 0 
2021-01-04,49.069,48.618,49.22,48.223, 0 
2021-01-05,48.65,48.895,49.03,48.468, 0 
2021-01-06,48.421,48.516,48.856,48.175, 0 
2021-01-07,48.69,48.175,48.785,48.08, 0 
2021-01-08,48.199,47.629,48.579,47.083, 0 
2021-01-11,47.796,46.973,47.962,46.901, 0 
2021-01-12,47.076,46.332,47.099,45.77, 0 
2021-01-13,46.466,46.791,47.155,46.087, 0 
2021-01-14,47.068,46.72,47.068,46.474, 0 
2021-01-15,46.854,46.704,47.155,46.292, 0 
2021-01-19,47.028,46.253,47.313,45.889, 0 
2021-01-20,46.245,45.604,46.245,45.129, 0 
2021-01-21,45.636,45.802,45.81,45.295, 0 
2021-01-22,45.889,46.126,46.371,45.501, 0 
2021-01-25,46.142,47.345,48.167,46.031, 0 
2021-01-26,47.329,48.199,48.254,46.775, 0 
2021-01-27,48.397,49.338,50.177,48.262, 0 
2021-01-28,49.133,47.606,49.718,47.392, 0 
2021-01-29,47.471,46.632,48.065,46.514, 0 
2021-02-01,46.632,46.538,47.028,46.063, 0 
2021-02-02,46.601,46.245,46.878,45.778, 0 
2021-02-03,46.205,45.897,46.284,45.58, 0 
2021-02-04,45.881,45.786,46.118,45.659, 0 
2021-02-05,45.833,45.913,46.166,45.612, 0 
2021-02-08,46.023,45.683,46.063,45.264, 0 
2021-02-09,45.849,45.604,45.865,45.208, 0 
2021-02-10,46.007,45.976,46.348,45.715, 0 
2021-02-11,45.81,45.098,46.197,44.789, 0 
2021-02-12,45.113,45.398,45.833,45.042, 0 
2021-02-16,45.414,44.987,45.549,44.947, 0 
2021-02-17,45.011,45.913,46.007,44.86, 0 
2021-02-18,45.802,47.099,47.107,45.572, 0 
2021-02-19,47.099,45.818,47.265,45.659, 0 
2021-02-22,46.031,46.886,46.981,45.786, 0 
2021-02-23,47.147,46.901,47.55,46.474, 0 
2021-02-24,46.917,46.371,47.178,46.079, 0 
2021-02-25,46.356,46.474,47.194,46.221, 0 
2021-02-26,46.68,45.659,46.807,45.596, 0 
2021-03-01,45.708,45.477,46.204,45.349, 0 
2021-03-02,45.604,45.732,46.052,45.493, 0 
2021-03-03,45.572,45.812,46.052,45.445, 0 
2021-03-04,46.212,46.108,46.747,45.852, 0 
2021-03-05,46.316,47.338,47.394,46.1, 0 
2021-03-08,47.386,47.45,47.922,47.107, 0 
2021-03-09,47.346,47.139,47.826,46.987, 0 
2021-03-10,47.394,47.73,47.954,46.436, 0 
2021-03-11,47.466,47.354,47.762,47.307, 0 
2021-03-12,47.69,48.457,48.537,47.466, 0 
2021-03-15,48.689,47.962,48.713,47.674, 0 
2021-03-16,47.946,48.233,48.417,47.778, 0 
2021-03-17,48.345,48.249,48.585,48.002, 0 
2021-03-18,48.066,48.449,48.641,47.874, 0 
2021-03-19,48.545,48.593,48.929,48.17, 0 
2021-03-22,48.457,49.856,50.031,48.449, 0 
2021-03-23,49.999,50.015,50.319,49.552, 0 
2021-03-24,49.4,49.152,49.56,48.313, 0 
2021-03-25,49.488,50.127,50.623,48.921, 0 
2021-03-26,50.159,50.91,50.982,49.464, 0 
2021-03-29,51.142,51.901,52.197,51.038, 0 
2021-03-30,51.901,50.95,52.029,50.839, 0 
2021-03-31,50.663,50.583,50.95,50.191, 0 
2021-04-01,50.511,50.615,50.791,49.72, 0 
2021-04-05,50.647,50.855,51.254,50.583, 0 
2021-04-06,50.807,51.158,51.27,50.735, 0 
2021-04-07,51.334,50.878,51.35,50.623, 0 
2021-04-08,50.823,51.03,51.038,50.591, 0 
2021-04-09,50.99,50.071,51.27,49.52, 0 
2021-04-12,50.207,50.671,50.743,50.039, 0 
2021-04-13,50.495,50.407,50.839,50.311, 0 
2021-04-14,50.487,50.007,50.487,49.536, 0 
2021-04-15,50.159,50.319,50.567,50.095, 0 
2021-04-16,50.503,50.623,50.727,49.928, 0 
2021-04-19,50.583,50.902,51.134,50.327, 0 
2021-04-20,50.799,51.318,51.726,50.375, 0 
2021-04-21,51.59,51.574,51.885,51.414, 0 
2021-04-22,51.574,51.118,51.638,50.974, 0 
2021-04-23,50.998,50.567,51.062,50.255, 0 
2021-04-26,50.527,49.896,50.543,49.752, 0 
2021-04-27,49.824,49.648,49.896,49.488, 0 
2021-04-28,49.848,49.592,50.103,49.432, 0 
2021-04-29,49.632,50.127,50.423,49.632, 0 
2021-04-30,50.063,49.88,50.231,49.424, 0 
2021-05-03,49.896,50.255,50.759,49.88, 0 
2021-05-04,50.407,49.928,50.583,49.536, 0 
2021-05-05,49.944,50.399,50.431,49.512, 0 
2021-05-06,51.949,53.963,54.738,51.949, 0 
2021-05-07,53.619,53.5,53.659,52.716, 0 
2021-05-10,53.659,54.506,54.698,53.539, 0 
2021-05-11,54.626,53.659,54.794,53.34, 0 
2021-05-12,53.739,53.076,53.747,53.028, 0 
2021-05-13,52.692,54.091,54.41,52.644, 0 
2021-05-14,54.179,53.172,54.818,53.14, 0 
2021-05-17,53.172,52.996,53.547,52.525, 0 
2021-05-18,52.9,52.772,53.1,52.477, 0 
2021-05-19,52.724,52.772,52.812,52.253, 0 
2021-05-20,52.7,52.996,53.396,52.605, 0 
2021-05-21,53.036,53.14,53.699,52.964, 0 
2021-05-24,53.18,52.82,53.412,52.796, 0 
2021-05-25,52.82,52.932,52.988,52.285, 0 
2021-05-26,53.028,52.812,53.124,52.676, 0 
2021-05-27,52.884,52.373,53.14,52.285, 0 
2021-05-28,52.523,52.797,53.168,52.483, 0 
2021-06-01,52.918,52.773,53.289,52.507, 0 
2021-06-02,52.894,53.563,53.636,52.636, 0 
2021-06-03,53.587,53.797,54.071,53.402, 0 
2021-06-04,53.789,53.716,54.023,53.523, 0 
2021-06-07,53.716,53.539,53.797,53.16, 0 
2021-06-08,53.612,53.192,53.725,53.08, 0 
2021-06-09,51.975,52.241,52.959,51.895, 0 
2021-06-10,52.314,52.644,52.781,52.088, 0 
2021-06-11,52.733,52.531,52.878,52.169, 0 
2021-06-14,52.515,52.717,52.749,52.177, 0 
2021-06-15,52.757,52.298,52.846,52.225, 0 
2021-06-16,52.419,52.225,52.612,52.136, 0 
2021-06-17,52.104,52.023,52.419,51.516, 0 
2021-06-18,51.838,51.266,51.838,51.25, 0 
2021-06-21,51.395,51.733,51.749,51.266, 0 
2021-06-22,51.895,51.532,51.895,51.467, 0 
2021-06-23,51.427,50.846,51.451,50.822, 0 
2021-06-24,50.814,51.145,51.201,50.548, 0 
2021-06-25,51.016,51.54,51.588,50.959, 0 
2021-06-28,51.491,51.927,52.04,51.346, 0 
2021-06-29,51.927,51.54,52.08,51.338, 0 
2021-06-30,51.54,51.862,52.241,51.54, 0 
2021-07-01,51.862,51.572,52.048,51.483, 0 
2021-07-02,51.83,51.612,51.886,51.411, 0 
2021-07-06,51.475,51.379,51.524,50.951, 0 
2021-07-07,51.298,51.733,52.048,51.209, 0 
2021-07-08,51.685,51.596,52.249,51.427, 0 
2021-07-09,51.661,51.822,52.032,51.645, 0 
2021-07-12,51.693,51.411,51.782,51.209, 0 
2021-07-13,51.37,50.919,51.596,50.742, 0 
2021-07-14,50.871,50.959,51.177,50.395, 0 
2021-07-15,50.927,51.508,51.548,50.75, 0 
2021-07-16,51.725,51.806,51.975,51.499, 0 
2021-07-19,51.822,52.249,52.314,51.25, 0 
2021-07-20,52.378,51.919,52.886,51.862, 0 
2021-07-21,51.911,51.04,51.999,51.04, 0 
2021-07-22,50.863,50.605,51.056,50.411, 0 
2021-07-23,50.669,51.137,51.338,50.427, 0 
2021-07-26,51.048,50.992,51.33,50.943, 0 
2021-07-27,51.016,51.362,51.685,50.871, 0 
2021-07-28,51.201,50.75,51.395,50.613, 0 
2021-07-29,50.919,50.838,51.112,50.734, 0 
2021-07-30,50.943,51.08,51.54,50.838, 0 
2021-08-02,51.121,51.129,51.395,50.984, 0 
2021-08-03,51.153,51.282,51.798,50.992, 0 
2021-08-04,51.233,50,51.29,49.984, 0 
2021-08-05,50.363,50.395,50.959,50.056, 0 
2021-08-06,50.33,50.967,51.217,50.314, 0 
2021-08-09,51.185,51.233,51.491,50.927, 0 
2021-08-10,51.169,51.749,51.766,50.992, 0 
2021-08-11,51.862,51.967,52.306,51.83, 0 
2021-08-12,52.007,51.927,52.096,51.806, 0 
2021-08-13,52.257,52.862,52.951,52.023, 0 
2021-08-16,52.918,53.225,53.41,52.862, 0 
2021-08-17,53.354,54.007,54.071,53.273, 0 
2021-08-18,54.007,52.805,54.071,52.765, 0 
2021-08-19,52.805,53.394,53.612,52.773, 0 
2021-08-20,53.523,53.338,53.87,53.168, 0 
2021-08-23,53.33,52.991,53.33,52.87, 0 
2021-08-24,53.072,52.394,53.072,52.201, 0 
2021-08-25,52.281,51.58,52.306,51.516, 0 
2021-08-26,51.508,50.967,51.508,50.742, 0 
2021-08-27,50.855,51.016,51.104,50.653, 0 
2021-08-30,50.653,50.919,51.137,50.484, 0 
2021-08-31,51.091,51.376,51.408,50.489, 0 
2021-09-01,51.424,51.498,51.612,50.944, 0 
2021-09-02,51.498,51.636,51.758,51.27, 0 
2021-09-03,51.612,51.62,51.847,51.424, 0 
2021-09-07,51.465,50.236,51.481,50.204, 0 
2021-09-08,50.236,51.302,51.489,50.236, 0 
2021-09-09,51.262,51.262,51.489,51.066, 0 
2021-09-10,51.18,51.05,51.376,50.716, 0 
2021-09-13,51.237,51.587,51.953,51.237, 0 
2021-09-14,51.758,51.815,51.921,51.473, 0 
2021-09-15,51.921,51.978,52.23,51.847, 0 
2021-09-16,51.978,51.701,52.36,51.001, 0 
2021-09-17,51.636,51.717,52.14,51.367, 0 
2021-09-20,51.441,51.579,51.872,51.286, 0 
2021-09-21,51.506,51.083,51.742,50.79, 0 
2021-09-22,51.546,51.441,51.88,50.904, 0 
2021-09-23,51.457,51.384,51.864,51.302, 0 
2021-09-24,51.416,51.896,52.059,51.416, 0 
2021-09-27,52.075,52.075,52.629,51.782, 0 
2021-09-28,52.132,52.075,52.458,51.742, 0 
2021-09-29,52.092,53.133,53.524,52.092, 0 
2021-09-30,53.182,52.01,53.206,52.01, 0 
2021-10-01,52.14,51.97,52.271,51.717, 0 
2021-10-04,52.051,52.507,52.702,51.97, 0 
2021-10-05,52.498,52.092,52.799,51.913, 0 
2021-10-06,52.018,52.401,52.653,51.465, 0 
2021-10-07,52.271,51.351,52.401,51.278, 0 
2021-10-08,51.254,51.009,51.465,50.847, 0 
2021-10-11,51.172,51.066,51.294,50.879, 0 
2021-10-12,51.034,50.741,51.172,50.546, 0 
2021-10-13,50.668,50.196,50.879,49.927, 0 
2021-10-14,50.253,50.578,50.765,50.009, 0 
2021-10-15,50.611,50.277,50.676,50.139, 0 
2021-10-18,50.122,50.025,50.326,49.781, 0 
2021-10-19,50.049,50.041,50.122,49.732, 0 
2021-10-20,50.155,50.456,50.643,50.131, 0 
2021-10-21,50.489,50.188,50.578,49.854, 0 
2021-10-22,50.245,50.546,50.619,50.245, 0 
2021-10-25,50.57,50.228,50.57,49.919, 0 
2021-10-26,50.171,50.122,50.424,50.082, 0 
2021-10-27,50.562,49.878,50.586,49.602, 0 
2021-10-28,49.87,50.196,50.245,49.659, 0 
2021-10-29,50.122,49.878,50.367,49.773, 0 
2021-11-01,49.968,50.578,50.733,49.854, 0 
2021-11-02,50.765,50.879,50.993,50.171, 0 
2021-11-03,50.936,51.538,51.571,50.741, 0 
2021-11-04,51.587,51.188,52.279,50.594, 0 
2021-11-05,51.107,50.904,51.31,50.505, 0 
2021-11-08,50.855,50.651,50.887,50.375, 0 
2021-11-09,50.871,51.213,51.571,50.757, 0 
2021-11-10,51.197,51.685,52.368,50.977, 0 
2021-11-11,51.408,51.473,51.644,51.221, 0 
2021-11-12,51.709,51.441,51.929,51.424, 0 
2021-11-15,51.668,52.002,52.075,51.302, 0 
2021-11-16,52.14,51.546,52.14,51.538, 0 
2021-11-17,51.481,51.229,51.571,51.066, 0 
2021-11-18,51.213,50.782,51.294,50.432, 0 
2021-11-19,51.034,50.391,51.221,50.367, 0 
2021-11-22,50.358,50.765,51.367,50.245, 0 
2021-11-23,51.026,51.571,51.758,50.725, 0 
2021-11-24,51.571,51.424,51.766,51.026, 0 
2021-11-26,51.522,51.782,52.214,51.465, 0 
2021-11-29,51.75,51.97,52.181,51.408, 0 
2021-11-30,51.831,50.238,52.217,50.065, 0 
2021-12-01,50.328,50.115,50.911,50.098, 0 
2021-12-02,50.509,50.854,51.453,50.353, 0 
2021-12-03,51.256,51.732,51.913,51.002, 0 
2021-12-06,52.077,52.209,52.849,51.856, 0 
2021-12-07,52.209,51.798,52.783,51.527, 0 
2021-12-08,51.675,50.928,52.118,50.32, 0 
2021-12-09,50.763,50.936,51.117,50.304, 0 
2021-12-10,51.117,51.42,51.552,50.96, 0 
2021-12-13,51.511,52.127,52.266,51.034, 0 
2021-12-14,52.34,52.036,52.603,51.946, 0 
2021-12-15,52.241,52.143,52.57,51.888, 0 
2021-12-16,52.168,54.015,54.023,51.954, 0 
2021-12-17,53.933,52.923,54.475,52.923, 0 
2021-12-20,52.734,52.857,52.997,52.356, 0 
2021-12-21,52.414,51.445,52.504,51.19, 0 
2021-12-22,51.429,51.552,51.691,51.264, 0 
2021-12-23,51.724,51.626,52.036,51.593, 0 
2021-12-27,51.765,51.946,51.962,51.404, 0 
2021-12-28,51.872,52.512,52.529,51.823, 0 
2021-12-29,52.554,52.463,52.775,52.291, 0 
2021-12-30,52.693,52.496,52.742,52.266, 0 
2021-12-31,52.315,52.898,53.054,52.315, 0 
2022-01-03,52.898,53.112,53.128,52.192, 166433500 
2022-01-04,53.12,53.629,54.286,53.104, 219382300 
2022-01-05,53.227,53.925,54.327,53.227, 274043500 
2022-01-06,54.13,54.163,54.541,53.736, 201177800 
2022-01-07,54.188,54.689,54.959,54.13, 245995300 
2022-01-10,54.795,55.001,55.469,54.721, 350523300 
2022-01-11,55.091,54.672,55.214,54.073, 158782600 
2022-01-12,54.385,54.508,54.73,54.204, 126212900 
2022-01-13,54.606,54.886,55.091,54.335, 158993500 
2022-01-14,55.091,55.452,55.682,54.803, 218138300 
2022-01-18,55.247,55.009,55.378,54.409, 303185700 
2022-01-19,54.968,54.689,55.329,54.565, 162323900 
2022-01-20,54.606,54.303,54.861,54.229, 198787000 
2022-01-21,54.738,54.697,55.009,54.385, 220981100 
2022-01-24,54.82,54.36,55.436,53.243, 250432200 
2022-01-25,54.188,54.352,54.598,53.539, 257832800 
2022-01-26,53.949,53.21,54.615,53.013, 312445700 
2022-01-27,53.424,53.514,54.179,53.342, 189437400 
2022-01-28,53.104,53.588,53.605,52.866, 188479400 
2022-01-31,52.693,51.732,52.693,51.33, 520554000 
2022-02-01,51.732,51.921,52.094,51.305, 265689300 
2022-02-02,51.806,52.053,52.365,51.683, 278141100 
2022-02-03,52.241,52.118,52.603,51.888, 178772200 
2022-02-04,51.888,50.566,52.044,50.55, 334865800 
2022-02-07,50.772,50.722,50.895,50.197, 192276900 
2022-02-08,50.895,50.665,51.034,50.394, 215149100 
2022-02-09,50.632,50.632,50.895,50.32, 269171600 
2022-02-10,51.535,52.209,53.293,51.075, 527329400 
2022-02-11,51.749,52.43,52.833,51.486, 352930500 
2022-02-14,52.668,53.169,53.383,51.954, 333005700 
2022-02-15,53.178,53.038,53.646,52.792, 277401700 
2022-02-16,53.21,52.816,53.835,52.504, 289819100 
2022-02-17,52.874,53.243,53.35,52.521, 263081100 
2022-02-18,53.334,54.253,54.27,53.219, 294343000 
2022-02-22,54.229,54.294,54.541,53.785, 287113400 
2022-02-23,54.508,54.582,54.91,54.212, 299187900 
2022-02-24,54.073,52.381,54.311,51.749, 421263800 
2022-02-25,52.718,53.933,54.056,52.718, 218686300 
2022-02-28,53.219,52.97,53.683,52.49, 319105600 
2022-03-01,52.83,52.473,53.062,52.043, 230581100 
2022-03-02,52.134,52.705,53.012,51.827, 227916400 
2022-03-03,52.871,53.625,54.006,52.589, 248885600 
2022-03-04,53.004,53.807,53.931,52.68, 272379300 
2022-03-07,53.459,54.627,55.149,52.921, 395451900 
2022-03-08,54.404,51.885,54.884,51.86, 3475948 
2022-03-09,52.473,51.521,52.921,51.446, 2126801 
2022-03-10,51.148,50.543,51.413,50.261, 2649011 
2022-03-11,50.502,49.582,51.04,49.557, 2894503 
2022-03-14,49.789,49.913,50.303,49.325, 2687362 
2022-03-15,50.071,50.8,50.949,49.913, 2824898 
2022-03-16,50.651,50.502,51.131,49.831, 2461131 
2022-03-17,50.725,50.568,50.899,50.336, 2163646 
2022-03-18,50.601,50.336,50.841,49.889, 4442576 
2022-03-21,50.618,50.493,51.206,50.245, 2339768 
2022-03-22,50.576,50.601,50.841,50.154, 1922235 
2022-03-23,51.032,51.015,51.653,50.908, 2547501 
2022-03-24,50.957,51.189,51.512,50.792, 1818009 
2022-03-25,51.28,52.043,52.059,51.115, 1610440 
2022-03-28,52.109,52.159,52.167,51.604, 1423574 
2022-03-29,52.573,52.896,52.912,52.382, 1698398 
2022-03-30,53.053,53.078,53.12,52.556, 1579312 
2022-03-31,53.095,53.426,53.774,53.02, 1958009 
2022-04-01,53.65,54.354,54.404,53.277, 2014869 
2022-04-04,54.097,54.105,54.371,53.136, 1345843 
2022-04-05,53.89,54.503,55.075,53.89, 1897136 
2022-04-06,54.486,55.133,55.373,54.304, 2380539 
2022-04-07,55.058,55.621,55.655,54.901, 1748289 
2022-04-08,55.92,55.969,56.201,54.934, 2084971 
2022-04-11,56.077,56.218,56.558,55.737, 2012960 
2022-04-12,56.085,56.292,56.582,55.671, 1778642 
2022-04-13,56.127,56.301,56.342,55.597, 1209496 
2022-04-14,56.5,56.234,56.698,56.11, 1515618 
2022-04-18,56.292,56.019,56.491,55.845, 950850 
2022-04-19,56.21,56.582,56.806,56.027, 2065573 
2022-04-20,56.301,57.121,57.146,56.21, 2309197 
2022-04-21,57.096,57.759,58.14,56.814, 1933713 
2022-04-22,57.784,57.436,58.165,57.411, 2418650 
2022-04-25,57.071,57.378,57.543,56.4, 1979108 
2022-04-26,57.444,56.549,57.601,56.541, 2101942 
2022-04-27,57.162,57.171,58.007,57.038, 3309944 
2022-04-28,57.353,57.618,57.833,56.823, 1742050 
2022-04-29,57.51,56.748,57.618,56.698, 2434516 
2022-05-02,57.336,55.812,57.444,55.216, 3186520 
2022-05-03,54.834,55.481,56.193,54.677, 3471844 
2022-05-04,55.389,56.21,56.301,55.216, 3169717 
2022-05-05,57.618,58.181,58.861,57.162, 5769014 
2022-05-06,58.206,60.252,60.725,58.206, 5421517 
2022-05-09,59.996,61.744,62.208,59.664, 5592948 
2022-05-10,61.346,60.418,62.597,60.286, 4351633 
2022-05-11,60.153,59.962,60.741,59.731, 2987377 
2022-05-12,60.36,60.41,61.213,60.17, 3091770 
2022-05-13,60.468,60.484,60.7,59.797, 3159967 
2022-05-16,60.476,60.609,60.907,60.07, 1887896 
2022-05-17,60.286,60.841,61.064,58.852, 2294334 
2022-05-18,60.634,57.427,60.7,56.889, 3937993 
2022-05-19,56.748,56.334,56.831,55.149, 4573701 
2022-05-20,56.632,56.119,56.806,54.652, 4214320 
2022-05-23,56.649,56.723,57.22,56.45, 2459605 
2022-05-24,56.939,58.364,58.405,56.823, 2401780 
2022-05-25,58.471,58.098,58.629,57.916, 2285838 
2022-05-26,58.214,57.891,58.819,57.875, 1980184 
2022-05-27,57.792,57.833,58.057,57.345, 2513012 
2022-05-31,57.649,58.259,58.351,56.881, 6126852 
2022-06-01,58.15,57.641,58.301,56.881, 2592789 
2022-06-02,57.591,56.956,57.616,55.937, 2363790 
2022-06-03,56.897,56.605,57.223,56.463, 1540731 
2022-06-06,56.697,57.181,57.273,56.521, 2252793 
2022-06-07,56.655,57.649,57.674,56.196, 2222956 
2022-06-08,57.649,57.607,57.908,57.048, 2137283 
2022-06-09,57.9,57.357,58.384,57.29, 2178653 
2022-06-10,57.064,58.125,58.535,56.889, 3215345 
2022-06-13,57.799,57.524,58.593,57.206, 2454592 
2022-06-14,57.641,57.089,57.967,56.538, 2647629 
2022-06-15,57.198,56.638,57.824,56.346, 2314176 
2022-06-16,56.229,56.53,56.864,55.611, 2560008 
2022-06-17,56.747,56.421,57.098,55.469, 4351264 
2022-06-21,59.311,57.524,59.529,57.24, 11194756 
2022-06-22,57.223,56.739,57.515,55.694, 4486366 
2022-06-23,56.897,57.908,58.159,56.897, 2721064 
2022-06-24,58.159,59.078,59.236,57.657, 4067849 
2022-06-27,58.702,59.278,59.395,58.376, 2604911 
2022-06-28,59.42,59.203,59.88,58.977, 2692456 
2022-06-29,59.437,59.829,60.222,59.027, 2435876 
2022-06-30,59.679,59.595,60.113,59.353, 2698196 
2022-07-01,59.754,59.963,60.063,58.936, 3206919 
2022-07-05,59.88,60.372,60.372,59.362, 3117540 
2022-07-06,60.565,60.773,61.049,60.205, 2072156 
2022-07-07,60.147,60.849,61.007,59.871, 4068370 
2022-07-08,61.007,60.581,61.425,60.556, 1923044 
2022-07-11,60.823,60.782,61.366,60.473, 2879624 
2022-07-12,60.974,60.974,61.851,60.514, 2794878 
2022-07-13,60.999,61.726,62.143,60.69, 2729116 
2022-07-14,60.648,60.865,61.124,60.205, 2792480 
2022-07-15,61.141,60.523,61.183,60.28, 2229038 
2022-07-18,60.389,59.905,60.69,59.788, 1434481 
2022-07-19,60.239,60.105,60.356,59.712, 1815411 
2022-07-20,60.13,58.902,60.13,58.643, 2437448 
2022-07-21,58.652,58.677,59.278,58.359, 1661609 
2022-07-22,58.802,59.428,59.529,58.735, 1543888 
2022-07-25,59.387,60.23,60.289,59.203, 1631823 
2022-07-26,59.738,60.907,61.049,59.52, 1871252 
2022-07-27,60.548,60.322,60.548,58.785, 2307273 
2022-07-28,60.205,61.199,61.325,59.938, 1846562 
2022-07-29,60.982,61.751,61.884,60.631, 5239424 
2022-08-01,61.818,62.436,62.787,61.534, 2842472 
2022-08-02,62.569,61.709,62.736,61.6, 2132934 
2022-08-03,61.4,61.784,62.01,61.191, 2040075 
2022-08-04,62.528,61.667,63.864,61.433, 3503684 
2022-08-05,61.993,62.686,62.778,61.275, 2550529 
2022-08-08,62.486,62.386,62.736,62.168, 2047555 
2022-08-09,62.653,62.82,63.104,62.586, 1415510 
2022-08-10,62.862,63.079,63.279,62.528, 1932803 
2022-08-11,62.987,62.979,63.906,62.912, 1355514 
2022-08-12,63.021,63.171,63.263,62.711, 1417905 
2022-08-15,63.213,63.363,63.747,62.929, 1360193 
2022-08-16,63.154,63.405,63.764,63.029, 2655299 
2022-08-17,63.463,63.263,63.856,63.229, 1585618 
2022-08-18,63.146,63.413,63.463,62.787, 1493960 
2022-08-19,63.555,64.048,64.315,63.33, 2584742 
2022-08-22,64.023,63.171,64.165,62.904, 1879861 
2022-08-23,63.104,63.647,63.797,62.987, 2013783 
2022-08-24,63.739,63.572,63.881,63.388, 1594461 
2022-08-25,63.33,63.355,63.597,63.012, 1757452 
2022-08-26,63.513,61.692,63.513,61.676, 1806562 
2022-08-29,61.483,61.993,62.269,61.183, 1276528 
2022-08-30,61.951,61.149,61.96,60.991, 2029643 
2022-08-31,61.135,61.261,61.876,60.773, 2823220 
2022-09-01,61.135,61.767,62.011,60.689, 2077303 
2022-09-02,61.952,61.228,62.592,61.034, 1612421 
2022-09-06,61.219,60.865,61.682,60.587, 2007861 
2022-09-07,60.916,61.623,61.724,60.63, 1769070 
2022-09-08,61.034,60.427,61.169,59.552, 3165243 
2022-09-09,60.756,60.689,61.278,59.973, 2296211 
2022-09-12,60.756,61.177,61.303,60.352, 2192781 
2022-09-13,61.042,59.644,61.362,59.543, 2196444 
2022-09-14,59.611,59.383,60.032,59.164, 2428238 
2022-09-15,59.484,59.24,59.543,58.533, 2140243 
2022-09-16,59.383,59.863,59.931,59.055, 5934816 
2022-09-19,59.888,60.2,60.208,59.695, 1327575 
2022-09-20,59.838,60.192,60.335,59.695, 2315711 
2022-09-21,60.823,61.404,62.398,60.756, 2984884 
2022-09-22,61.539,61.994,62.415,61.329, 2736677 
2022-09-23,61.632,61.514,62.103,60.714, 2315810 
2022-09-26,61.354,61.421,61.918,60.882, 2155312 
2022-09-27,61.581,60.638,62.322,60.52, 2147393 
2022-09-28,60.899,61.261,61.556,60.234, 2160183 
2022-09-29,61.337,60.234,61.371,59.897, 1845033 
2022-09-30,60.419,58.667,60.587,58.591, 2796972 
2022-10-03,59.013,59.855,60.065,58.591, 2144683 
2022-10-04,59.83,60.739,61.076,59.669, 2068300 
2022-10-05,60.545,60.545,60.924,59.931, 1392174 
2022-10-06,60.419,58.987,60.453,58.625, 1705114 
2022-10-07,58.895,58.659,59.248,58.297, 1853765 
2022-10-10,58.945,59.669,59.728,58.819, 2011437 
2022-10-11,59.754,60.604,61.068,59.661, 1707484 
2022-10-12,60.638,60.663,61.438,60.596, 1999052 
2022-10-13,60.394,61.607,61.826,59.888, 1774021 
2022-10-14,61.708,60.621,62.289,60.436, 1744120 
2022-10-17,60.857,60.823,61.185,60.537, 1788094 
2022-10-18,61.059,61.893,61.927,61.025, 1502830 
2022-10-19,61.986,61.969,62.398,61.379, 1309465 
2022-10-20,61.893,60.436,61.952,60.267, 1898290 
2022-10-21,60.47,60.84,61.362,60.183, 1308814 
2022-10-24,61.27,61.615,62.112,61.126, 1355894 
2022-10-25,61.455,62.398,62.583,61.228, 1980247 
2022-10-26,62.87,62.196,63.232,61.691, 2132215 
2022-10-27,62.499,63.392,63.939,62.398, 2684966 
2022-10-28,63.577,64.672,64.841,63.316, 2451261 
2022-10-31,64.647,64.697,64.992,64.276, 2683877 
2022-11-01,64.352,63.998,64.681,63.939, 2580839 
2022-11-02,63.923,63.855,64.714,63.501, 3112994 
2022-11-03,63.064,58.541,63.485,57.96, 8186154 
2022-11-04,58.962,58.836,59.602,58.086, 3451494 
2022-11-07,58.954,60.04,60.057,58.827, 1939233 
2022-11-08,60.116,60.15,60.823,59.745, 1570479 
2022-11-09,60.175,59.796,61.202,59.728, 1982974 
2022-11-10,60.47,59.813,60.806,58.027, 3922358 
2022-11-11,59.484,58.095,59.501,57.278, 4258977 
2022-11-14,58.642,58.415,59.577,58.389, 2685420 
2022-11-15,58.524,58.406,58.524,57.598, 1789100 
2022-11-16,58.634,59.274,59.653,58.6, 1726776 
2022-11-17,59.013,58.979,59.476,58.701, 1749101 
2022-11-18,59.291,59.467,59.754,59.004, 2003850 
2022-11-21,59.568,60.478,60.554,59.274, 2200889 
2022-11-22,60.638,60.663,60.924,60.267, 1990995 
2022-11-23,60.806,61.068,61.11,60.402, 1526295 
2022-11-25,61.345,61.312,61.396,61.025, 1045005 
2022-11-28,61.236,61.244,61.834,61.143, 1621739 
2022-11-29,61,60.975,61.295,60.587, 1657787 
2022-11-30,60.963,61.94,62.305,60.581, 6901494 
2022-12-01,62.084,62.152,62.662,61.651, 2270895 
2022-12-02,62.008,62.687,62.721,61.906, 1417004 
2022-12-05,62.084,62.279,62.39,61.711, 1391215 
2022-12-06,62.279,62.042,62.848,61.575, 1412596 
2022-12-07,62.364,62.738,62.899,62.161, 1983659 
2022-12-08,62.619,62.373,62.797,61.88, 1685234 
2022-12-09,62.364,61.422,62.5,61.286, 2534632 
2022-12-12,62.033,62.865,62.891,61.643, 1877567 
2022-12-13,62.967,62.543,63.443,61.838, 2068078 
2022-12-14,62.483,62.594,63.061,62.169, 1629282 
2022-12-15,62.33,61.566,62.415,61.184, 2187550 
2022-12-16,61.091,60.53,61.201,60.038, 4591889 
2022-12-19,60.556,60.717,61.422,60.395, 2208323 
2022-12-20,60.445,60.267,60.836,59.52, 1958225 
2022-12-21,60.462,60.972,61.303,60.242, 1173719 
2022-12-22,60.904,60.853,61.04,60.412, 1241918 
2022-12-23,60.87,61.286,61.295,60.785, 919983 
2022-12-27,61.413,61.702,61.77,61.278, 1112009 
2022-12-28,61.855,60.895,62.033,60.853, 1057104 
2022-12-29,60.98,60.683,61.006,60.479, 1209079 
2022-12-30,60.726,60.488,60.845,59.97, 1244171 
2023-01-03,60.352,60.513,60.547,59.877, 1856600 
2023-01-04,60.513,60.055,60.895,59.885, 2033037 
2023-01-05,60.165,59.995,60.386,59.35, 3246527 
2023-01-06,60.53,61.515,61.609,60.53, 2351811 
2023-01-09,61.43,60.607,61.702,60.505, 2477585 
2023-01-10,60.87,60.072,60.989,59.834, 1752808 
2023-01-11,60.242,60.131,60.59,59.596, 1744246 
2023-01-12,60.259,59.639,60.361,59.537, 1641685 
2023-01-13,59.435,59.435,59.817,59.393, 1457985 
2023-01-17,59.478,59.197,59.647,58.968, 1946001 
2023-01-18,59.028,57.168,59.112,57.049, 3235490 
2023-01-19,57.321,57.151,57.635,57.109, 1872760 
2023-01-20,57.261,57.312,57.44,56.616, 2280616 
2023-01-23,57.372,57.134,57.907,57.015, 2238687 
2023-01-24,57.533,57.457,57.652,56.701, 1601582 
2023-01-25,57.457,57.754,58.102,57.177, 1765938 
2023-01-26,57.601,57.329,57.601,57.1, 1450389 
2023-01-27,57.244,57.397,57.508,56.871, 1649143 
2023-01-30,57.584,57.813,58.246,57.542, 1560397 
2023-01-31,57.983,58.229,58.238,57.304, 2371555 
2023-02-01,58.068,57.958,58.306,57.703, 2079958 
2023-02-02,57.329,57.423,57.627,56.956, 2537409 
2023-02-03,57.593,57.406,57.72,56.421, 2493060 
2023-02-06,57.499,58.595,58.628,57.092, 2839797 
2023-02-07,58.085,57.737,58.246,57.27, 2080089 
2023-02-08,57.474,57.058,57.559,56.879, 2976234 
2023-02-09,57.72,56.998,58.739,56.625, 3147319 
2023-02-10,57.287,57.474,57.762,57.041, 2432415 
2023-02-13,57.491,58.06,58.094,56.998, 2089801 
2023-02-14,58.094,57.058,58.102,57.024, 2020248 
2023-02-15,57.083,57.041,57.228,56.591, 2805540 
2023-02-16,56.862,56.752,57.007,56.48, 2274270 
2023-02-17,56.854,58.06,58.128,56.718, 2273077 
2023-02-21,58.085,58.51,58.756,57.788, 2936892 
2023-02-22,58.713,57.907,58.985,57.686, 2040824 
2023-02-23,58.136,57.915,58.246,57.686, 1525321 
2023-02-24,57.924,57.465,57.924,57.287, 1535331 
2023-02-27,57.559,57.321,57.847,57.032, 1989448 
2023-02-28,57.241,56.479,57.379,56.402, 3451139 
2023-03-01,56.265,55.897,56.351,55.289, 1848860 
2023-03-02,55.991,56.205,56.368,55.76, 2205864 
2023-03-03,56.059,55.965,56.188,55.546, 1954052 
2023-03-06,55.871,55.76,56.034,55.606, 1795642 
2023-03-07,55.888,55.28,56.017,54.989, 1605677 
2023-03-08,55.554,55.434,55.554,54.972, 1615036 
2023-03-09,55.683,54.92,55.88,54.758, 1688871 
2023-03-10,54.972,54.723,55.349,54.595, 1824380 
2023-03-13,54.912,55.04,56.462,54.912, 2726347 
2023-03-14,55.314,55.374,55.426,54.783, 2250473 
2023-03-15,55.306,55.897,56,54.929, 2283564 
2023-03-16,56.034,55.648,56.188,55.092, 1953296 
2023-03-17,55.674,55.451,55.7,54.723, 9460247 
2023-03-20,55.537,55.691,56.274,55.537, 2549907 
2023-03-21,55.768,55.803,55.982,55.28, 1554699 
2023-03-22,55.871,55.237,56.094,55.22, 1657373 
2023-03-23,55.169,55.331,55.751,55.16, 1909296 
2023-03-24,55.571,56.077,56.085,55.349, 2072029 
2023-03-27,56.565,56.385,56.873,56.274, 1516335 
2023-03-28,56.479,56.779,57.113,56.222, 1515511 
2023-03-29,56.899,56.95,57.164,56.65, 1621774 
2023-03-30,56.916,57.096,57.13,56.77, 1466677 
2023-03-31,57.387,57.353,57.516,57.062, 1933072 
2023-04-03,57.498,57.481,57.91,57.164, 2465647 
2023-04-04,57.558,57.635,57.798,57.293, 1504729 
2023-04-05,57.901,58.269,58.432,57.635, 1865039 
2023-04-06,58.509,58.235,58.783,57.97, 1559603 
2023-04-10,58.047,58.055,58.141,57.567, 1351724 
2023-04-11,58.055,58.569,58.74,57.91, 1892632 
2023-04-12,58.329,58.561,58.912,58.218, 1517648 
2023-04-13,58.304,58.115,58.466,57.927, 2069834 
2023-04-14,57.918,57.387,58.012,57.147, 1558926 
2023-04-17,57.541,57.918,57.987,57.49, 1133091 
2023-04-18,57.764,58.038,58.081,57.67, 1348050 
2023-04-19,58.261,57.687,58.372,57.584, 1251842 
2023-04-20,57.79,57.593,57.858,57.284, 1490003 
2023-04-21,58.047,57.687,58.235,57.396, 1198495 
2023-04-24,57.781,57.918,58.012,57.567, 1678914 
2023-04-25,58.072,58.715,58.809,58.012, 1776154 
2023-04-26,58.295,58.638,58.792,58.209, 1606485 
2023-04-27,58.552,59.349,59.366,58.441, 1254217 
2023-04-28,59.408,59.76,59.871,59.203, 2405698 
2023-05-01,59.948,60.633,60.753,59.862, 2901476 
2023-05-02,60.453,60.967,61.156,59.888, 2421140 
2023-05-03,61.233,61.267,61.927,60.693, 4090908 
2023-05-04,60.805,60.282,60.89,59.006, 3719082 
2023-05-05,60.659,60.256,60.959,60.102, 2698562 
2023-05-08,59.948,60.925,61.002,59.648, 3149742 
2023-05-09,60.933,60.351,61.267,60.342, 2896290 
2023-05-10,60.299,60.428,60.805,60.077, 1929662 
2023-05-11,60.556,60.556,60.599,59.743, 1531677 
2023-05-12,60.582,60.65,60.976,60.239, 1519460 
2023-05-15,60.642,60.059,60.728,59.837, 1754511 
2023-05-16,60.059,59.528,60.059,59.246, 1806451 
2023-05-17,59.605,59.237,59.623,58.432, 4157621 
2023-05-18,59.006,59.143,59.186,58.663, 2054137 
2023-05-19,59.169,59.383,59.588,58.955, 1729746 
2023-05-22,59.486,58.535,59.623,58.441, 2083157 
2023-05-23,58.509,58.698,58.929,58.038, 2125819 
2023-05-24,58.86,58.706,59.049,58.432, 1766202 
2023-05-25,58.329,58.184,58.432,57.85, 1635836 
2023-05-26,58.038,57.961,58.261,57.661, 1817384 
2023-05-30,57.721,56.882,57.781,56.813, 2492342 
2023-05-31,57.056,57.704,57.825,56.9, 5341825 
2023-06-01,57.79,57.064,57.902,56.935, 2365126 
2023-06-02,56.857,58.239,58.265,56.796, 2422417 
2023-06-05,58.239,58.335,58.922,58.127, 1773229 
2023-06-06,58.473,57.756,58.689,57.133, 2411132 
2023-06-07,56.554,57.367,57.565,55.535, 3262950 
2023-06-08,57.349,57.531,57.635,56.986, 3155263 
2023-06-09,57.505,58.041,58.291,57.41, 1958574 
2023-06-12,58.127,56.52,58.162,56.174, 4937135 
2023-06-13,56.174,56.675,56.753,55.828, 2115344 
2023-06-14,56.831,57.159,57.289,56.623, 1621725 
2023-06-15,57.073,56.986,57.6,56.718, 2655725 
2023-06-16,56.753,57.289,57.341,56.753, 3915528 
2023-06-20,57.306,56.658,57.323,56.649, 2083867 
2023-06-21,56.675,56.381,56.874,56.157, 3047218 
2023-06-22,56.796,56.649,56.909,56.502, 3262824 
2023-06-23,56.969,56.312,57.133,56.269, 4664076 
2023-06-26,56.174,56.693,56.718,55.465, 2153345 
2023-06-27,58.853,57.643,59.112,57.557, 3682161 
2023-06-28,56.563,56.649,56.727,55.621, 4803523 
2023-06-29,56.477,57.747,57.773,56.278, 2974156 
2023-06-30,57.859,58.248,58.43,57.756, 2345272 
2023-07-03,58.067,59.242,59.242,57.833, 1387097 
2023-07-05,59.035,59.112,59.363,58.723, 2065096 
2023-07-06,58.991,59.095,59.294,58.663, 2232664 
2023-07-07,58.948,58.067,59.035,58.049, 1851799 
2023-07-10,58.3,57.894,58.611,57.678, 1637459 
2023-07-11,58.049,58.3,58.309,57.799, 1563863 
2023-07-12,58.265,58.689,58.819,58.101, 2024740 
2023-07-13,58.723,58.447,58.767,58.058, 2225727 
2023-07-14,58.542,58.386,58.568,58.084, 1862675 
2023-07-17,58.222,57.66,58.274,57.626, 1262580 
2023-07-18,57.799,57.574,58.179,57.349, 1329800 
2023-07-19,57.652,58.058,58.093,57.453, 2137936 
2023-07-20,58.196,58.533,58.706,57.851, 2300295 
2023-07-21,58.507,58.577,58.741,58.3, 1814273 
2023-07-24,58.715,58.637,58.87,58.447, 1610607 
2023-07-25,58.767,58.732,58.862,58.214, 1733595 
2023-07-26,58.663,58.369,58.965,58.343, 1613559 
2023-07-27,58.326,58.015,58.602,57.859, 2167154 
2023-07-28,58.352,58.404,58.602,58.075, 1696054 
2023-07-31,58.404,57.807,58.412,57.531, 4255079 
2023-08-01,57.911,57.202,58.032,56.891, 3001667 
2023-08-02,57.133,57.591,58.231,57.056, 2692968 
2023-08-03,57.652,57.254,58.585,56.891, 3446080 
2023-08-04,57.056,56.001,57.263,55.915, 2280453 
2023-08-07,56.001,56.01,56.494,55.967, 2009255 
2023-08-08,56.174,54.843,56.174,54.8, 2569222 
2023-08-09,54.826,54.955,55.63,54.472, 3178532 
2023-08-10,54.947,54.955,55.543,54.774, 2347605 
2023-08-11,55.085,55.293,55.396,54.904, 2006765 
2023-08-14,55.509,55.241,55.569,55.068, 2441201 
2023-08-15,55.12,54.558,55.154,54.541, 2217882 
2023-08-16,54.446,53.633,54.644,53.555, 2127704 
2023-08-17,53.59,53.089,53.737,53.08, 1953153 
2023-08-18,53.071,53.452,53.676,53.071, 1932538 
2023-08-21,53.296,52.821,53.409,52.51, 2066721 
2023-08-22,52.769,52.501,52.881,52.467, 2158047 
2023-08-23,52.562,52.588,52.959,52.311, 1794981 
2023-08-24,52.639,52.57,53.106,52.346, 1759681 
2023-08-25,52.881,52.925,53.227,52.605, 1634186 
2023-08-28,52.925,53.037,53.313,52.89, 1702839 
2023-08-29,53.348,53.141,53.4,52.613, 1732385 
2023-08-30,53.149,53.331,53.737,53.149, 2777517 
2023-08-31,53.478,53.251,53.661,53.129, 3035991 
2023-09-01,53.33,52.265,53.618,52.125, 2597065 
2023-09-05,52.143,51.898,52.596,51.89, 2628498 
2023-09-06,52.038,51.75,52.204,51.671, 1974011 
2023-09-07,52.012,51.811,52.483,51.575, 2314384 
2023-09-08,51.811,51.855,51.89,51.383, 2312085 
2023-09-11,51.994,52.23,52.326,51.741, 2129086 
2023-09-12,52.448,52.012,52.492,51.61, 2810096 
2023-09-13,52.195,51.418,52.343,51.331, 3011186 
2023-09-14,51.488,52.282,52.387,51.462, 2621925 
2023-09-15,52.195,52.326,52.684,52.151, 5721149 
2023-09-18,52.509,52.5,52.553,51.82, 2169050 
2023-09-19,52.474,52.614,52.911,52.291, 2637449 
2023-09-20,52.797,53.015,53.277,52.282, 1944280 
2023-09-21,52.998,52.762,53.312,52.614, 2509276 
2023-09-22,52.684,52.544,52.98,52.535, 2364264 
2023-09-25,52.3,51.916,52.64,51.75, 2851504 
2023-09-26,51.794,51.645,52.047,51.602, 2306835 
2023-09-27,51.567,51.593,51.767,50.999, 2395387 
2023-09-28,51.706,51.663,51.82,51.235, 2262548 
2023-09-29,51.881,51.933,52.064,51.637, 3413788 
2023-10-02,51.805,48.828,51.916,48.205, 7357075 
2023-10-03,48.708,49.284,49.721,48.419, 5218555 
2023-10-04,49.331,49.266,49.554,48.587, 3822851 
2023-10-05,48.968,47.099,49.052,47.08, 3687782 
2023-10-06,46.745,46.903,46.959,44.959, 4975411 
2023-10-09,46.838,46.968,47.21,45.945, 3364275 
2023-10-10,47.359,47.164,47.536,46.885, 3377133 
2023-10-11,47.257,46.066,47.368,45.852, 2635904 
2023-10-12,45.992,45.22,45.992,44.299, 4499296 
2023-10-13,45.304,46.373,46.522,45.071, 3339874 
2023-10-16,46.55,46.773,47.033,46.103, 2773370 
2023-10-17,46.541,47.08,47.294,46.541, 2612682 
2023-10-18,47.08,46.792,47.554,46.727, 2542656 
2023-10-19,46.615,46.401,46.94,46.131, 3777406 
2023-10-20,46.531,46.615,47.285,46.531, 2920265 
2023-10-23,46.271,45.917,46.624,45.834, 3132164 
2023-10-24,46.048,46.745,46.82,45.955, 2092552 
2023-10-25,46.782,47.396,47.471,46.624, 2123634 
2023-10-26,47.471,47.312,47.796,47.033, 2201565 
2023-10-27,47.099,46.875,47.564,46.81, 1838599 
2023-10-30,47.182,46.689,47.247,46.308, 2394106 
2023-10-31,46.959,46.94,47.154,46.634, 2366989 
2023-11-01,47.117,47.061,47.303,46.95, 2689278 
2023-11-02,47.275,48.112,48.252,47.275, 2948839 
2023-11-03,48.363,48.419,48.615,47.945, 2988337 
2023-11-06,48.252,47.75,48.41,47.731, 1806939 
2023-11-07,47.573,47.34,47.815,47.257, 2614030 
2023-11-08,48.94,48.354,50.224,47.852, 4134895 
2023-11-09,48.624,48.363,48.642,47.768, 2455446 
2023-11-10,48.447,48.196,48.605,47.945, 2012357 
2023-11-13,48.075,48.559,48.912,47.964, 2564157 
2023-11-14,48.726,48.903,49.163,48.559, 3125780 
2023-11-15,48.903,48.642,49.2,48.605, 2641170 
2023-11-16,48.605,48.549,48.996,48.41, 2738669 
2023-11-17,48.735,49.107,49.321,47.926, 3188114 
2023-11-20,48.94,48.847,49.321,48.828, 3047070 
2023-11-21,48.987,49.126,49.424,48.763, 2983475 
2023-11-22,49.135,49.275,49.647,49.061, 2292404 
2023-11-24,49.293,49.731,49.777,49.293, 913706 
2023-11-27,49.656,48.828,49.712,48.708, 2244833 
2023-11-28,48.652,48.624,48.773,48.438, 2212540 
2023-11-29,48.484,48.047,48.596,48.019, 2291575 
2023-11-30,48.224,49.399,49.437,47.97, 4266809 
2023-12-01,49.333,49.719,49.747,48.929, 1958283 
2023-12-04,49.559,50.443,50.584,49.531, 2052929 
2023-12-05,50.386,50.161,50.452,49.973, 2238353 
2023-12-06,50.142,50.499,51.195,50.104, 2675259 
2023-12-07,50.584,50.922,51.157,50.095, 2206761 
2023-12-08,50.913,50.49,50.969,50.245, 1643221 
2023-12-11,50.621,51.007,51.016,50.49, 2918013 
2023-12-12,51.082,50.809,51.167,50.631, 2382042 
2023-12-13,50.819,51.994,52.088,50.687, 2541520 
2023-12-14,52.173,51.552,52.248,51.411, 3498955 
2023-12-15,51.204,50.556,51.439,50.283, 7962554 
2023-12-18,50.8,50.706,51.045,50.433, 2281944 
2023-12-19,50.593,50.433,50.744,50.133, 2579606 
2023-12-20,49.785,49.86,50.462,49.521, 2992668 
2023-12-21,49.944,50.631,50.631,49.916, 2716382 
2023-12-22,50.772,51.223,51.383,50.659, 2277615 
2023-12-26,51.11,51.712,51.797,50.885, 1650019 
2023-12-27,51.627,51.872,51.91,51.439, 2183658 
2023-12-28,51.816,52.295,52.342,51.769, 3206415 
2023-12-29,52.267,52.568,52.634,52.116, 1878259 
2024-01-02,52.549,54.307,54.486,52.398, 3187513 
2024-01-03,54.467,54.044,54.749,53.865, 2575406 
2024-01-04,54.138,53.442,54.345,53.433, 2489799 
2024-01-05,53.442,53.273,53.611,52.859, 2898332 
2024-01-08,53.179,53.16,53.48,52.981, 3357548 
2024-01-09,52.878,53.019,53.085,52.549, 2523428 
2024-01-10,53.057,52.455,53.207,52.276, 2808047 
2024-01-11,52.351,51.947,52.398,51.844, 3143193 
2024-01-12,52.135,52.107,52.417,51.75, 3129934 
2024-01-16,51.957,50.904,52.004,50.781, 3256946 
2024-01-17,50.687,51.27,51.543,50.499, 1971601 
2024-01-18,51.007,51.298,51.327,50.734, 1610568 
2024-01-19,51.345,50.706,51.345,50.612, 2019974 
2024-01-22,50.433,50.405,50.772,50.123, 2652505 
2024-01-23,50.584,51.195,51.27,50.311, 2798638 
2024-01-24,51.11,50.274,51.148,50.227, 4233217 
2024-01-25,50.48,51.364,51.486,50.311, 2369478 
2024-01-26,51.515,51.468,51.797,51.392, 2300307 
2024-01-29,51.515,51.515,51.618,51.28, 2193438 
2024-01-30,51.468,51.985,51.994,51.242, 1661875 
2024-01-31,51.947,51.486,52.107,51.477, 4600475 
2024-02-01,51.421,52.295,52.304,50.668, 2131023 
2024-02-02,52.304,51.769,52.558,51.496, 2250805 
2024-02-05,51.477,50.885,51.703,50.875, 2836356 
2024-02-06,50.744,51.176,51.505,50.65, 3243430 
2024-02-07,51.327,50.48,51.449,50.452, 3989185 
2024-02-08,52.182,51.656,53.188,51.251, 6521010 
2024-02-09,51.458,50.292,51.477,49.944, 3433364 
2024-02-12,50.104,51.383,51.392,50.104, 2762713 
2024-02-13,51.411,50.969,51.834,50.396, 2804134 
2024-02-14,50.828,50.762,51.054,50.189, 2575982 
2024-02-15,51.054,52.079,52.154,50.988, 3047211 
2024-02-16,51.919,52.154,52.511,51.674, 2836803 
2024-02-20,52.295,52.775,53.489,52.004, 3114242 
2024-02-21,52.963,53.075,53.329,52.605, 2646179 
2024-02-22,52.586,53.574,53.959,52.163, 4301562 
2024-02-23,53.442,53.057,53.95,53.038, 2612505 
2024-02-26,53.066,53.066,53.47,52.775, 2319905 
2024-02-27,52.981,52.304,53.216,52.079, 1746842 
2024-02-28,52.38,52.756,52.775,52.145, 2045063 
2024-02-29,53.07,52.377,53.165,52.329, 3826225 
2024-03-01,52.538,52.073,52.662,51.693, 2430325 
2024-03-04,50.952,51.019,51.361,50.316, 4933021 
2024-03-05,51.152,50.734,51.275,50.639, 3050967 
2024-03-06,51.076,51.152,51.456,50.924, 2721124 
2024-03-07,51.228,50.905,51.313,50.43, 2843254 
2024-03-08,50.838,51.484,51.703,50.43, 2560278 
2024-03-11,50.971,51.427,51.741,50.648, 2644777 
2024-03-12,51.399,51.142,51.532,50.886, 2913828 
2024-03-13,51.494,51.285,51.617,51.076, 3620570 
2024-03-14,51.019,50.278,51.095,49.822, 4276976 
2024-03-15,49.946,50.867,50.943,49.889, 22198351 
2024-03-18,50.724,52.016,52.424,50.724, 3785933 
2024-03-19,52.158,52.424,52.624,51.731, 4455268 
2024-03-20,52.662,52.367,53.317,52.149, 3398166 
2024-03-21,52.301,53.289,53.526,51.95, 3453259 
2024-03-22,53.355,52.757,53.355,52.443, 3614450 
2024-03-25,52.947,52.852,53.099,52.624, 2018465 
2024-03-26,52.994,53.08,53.336,52.852, 2415518 
2024-03-27,53.298,53.801,53.868,53.203, 3079477 
2024-03-28,54.115,54.409,54.58,53.963, 2949747 
2024-04-01,54.324,54.191,54.457,54.02, 1901168 
2024-04-02,54.21,54.77,54.903,54.21, 2348932 
2024-04-03,54.609,53.744,54.685,53.735, 3477746 
2024-04-04,54.153,54.685,55.065,53.991, 3184411 
2024-04-05,54.694,54.561,54.694,53.839, 2163037 
2024-04-08,54.647,54.59,54.97,54.343, 3161307 
2024-04-09,54.675,54.248,54.913,54.105, 2095897 
2024-04-10,54.039,54.143,54.39,53.631, 2181428 
2024-04-11,54.409,53.346,54.476,53.203, 2798811 
2024-04-12,53.374,52.633,53.526,52.31, 2937309 
2024-04-15,52.861,52.614,53.175,52.358, 1655528 
2024-04-16,52.576,52.719,52.88,52.244, 2295197 
2024-04-17,52.947,53.251,53.393,52.804, 1769518 
2024-04-18,53.517,53.697,53.792,53.298, 1547940 
2024-04-19,53.877,54.495,54.761,53.773, 2798198 
2024-04-22,54.609,55.065,55.397,54.295, 1932913 
2024-04-23,54.998,55.217,55.378,54.808, 1904052 
2024-04-24,54.78,55.796,55.834,54.438, 2328552 
2024-04-25,56.005,55.511,56.242,55.397, 1981617 
2024-04-26,55.312,54.827,55.672,54.808, 4422753 
2024-04-29,55.008,55.283,55.321,54.875, 3171451 
2024-04-30,55.112,54.951,55.501,54.647, 4801138 
2024-05-01,54.609,54.115,54.713,53.782, 5814198 
2024-05-02,56.033,58.199,60.051,56.033, 10882790 
2024-05-03,57.933,57.467,58.066,56.575, 4363751 
2024-05-06,57.885,57.021,57.933,56.698, 2844862 
2024-05-07,57.439,58.541,58.598,57.315, 3853112 
2024-05-08,58.626,59.196,59.319,58.389, 3282356 
2024-05-09,59.272,58.503,59.272,58.455, 2310370 
2024-05-10,58.408,58.749,58.863,58.189, 2188221 
2024-05-13,58.882,59.348,59.576,58.711, 2154274 
2024-05-14,59.547,59.414,59.785,58.93, 1821551 
2024-05-15,59.49,58.721,59.509,58.588, 1285184 
2024-05-16,58.882,59.015,59.139,58.645, 1494610 
2024-05-17,59.12,58.465,59.177,58.303, 2249351 
2024-05-20,58.379,58.958,59.215,58.294, 1969203 
2024-05-21,59.129,59.12,59.243,58.645, 1453431 
2024-05-22,58.768,58.541,58.882,58.512, 1384890 
2024-05-23,58.17,58.246,58.588,57.847, 1780221 
2024-05-24,58.398,57.971,58.569,57.733, 1689092 
2024-05-28,57.733,56.508,57.99,56.48, 3566314 
2024-05-29,56.337,56.603,56.793,55.967, 2556243 
2024-05-30,56.907,56.356,56.917,56.347, 2056024 
2024-05-31,56.356,57.306,57.325,56.252, 5271652 
2024-06-03,57.451,57.413,58.256,57.384, 2257052 
2024-06-04,57.317,57.978,58.352,57.019, 3038054 
2024-06-05,57.585,57.326,57.825,56.914, 1899207 
2024-06-06,57.326,57.604,57.681,57.019, 1502159 
2024-06-07,57.355,57.163,57.863,57.115, 1588320 
2024-06-10,56.962,56.646,57.029,55.984, 1731060 
2024-06-11,56.463,57.24,57.317,56.128, 2121222 
2024-06-12,57.365,56.329,57.403,56.185, 1665590 
2024-06-13,56.272,56.301,56.559,55.898, 1743558 
2024-06-14,56.224,55.141,56.559,55.083, 2247077 
2024-06-17,55.102,55.716,55.812,54.527, 2423126 
2024-06-18,55.649,56.368,56.416,55.505, 1852384 
2024-06-20,55.716,55.332,56.262,55.15, 2387489 
2024-06-21,55.61,55.102,55.984,54.92, 3649383 
2024-06-24,55.208,55.85,56.301,54.93, 2012593 
2024-06-25,55.745,55.668,56.08,55.572, 1821582 
2024-06-26,54.642,55.006,55.141,54.402, 1354759 
2024-06-27,55.15,55.294,55.466,54.968, 1641387 
2024-06-28,55.304,55.294,55.745,54.958, 2377344 
2024-07-01,55.409,54.374,55.869,54.326, 2345998 
2024-07-02,54.383,54.354,54.489,54.057, 1692489 
2024-07-03,54.422,54.326,54.652,54.153, 893503 
2024-07-05,54.096,54.048,54.22,53.703, 1161697 
2024-07-08,54.278,53.866,54.278,53.664, 1979085 
2024-07-09,53.885,54.038,54.249,53.645, 1802197 
2024-07-10,54.124,54.537,54.537,53.981, 1812947 
2024-07-11,54.508,54.489,54.776,54.019, 1859103 
2024-07-12,54.786,54.201,55.006,54.163, 1640344 
2024-07-15,54.192,53.99,54.431,53.645, 1857073 
2024-07-16,53.971,54.69,54.93,53.779, 1526486 
2024-07-17,54.891,56.511,56.665,54.7, 2201114 
2024-07-18,55.716,56.396,57.163,55.716, 1617784 
2024-07-19,56.78,55.562,56.962,55.399, 1613574 
2024-07-22,55.428,55.227,55.524,55.035, 1656701 
2024-07-23,55.131,54.268,55.313,54.144, 1802688 
2024-07-24,54.345,54.863,54.997,54.038, 1883182 
2024-07-25,55.083,54.91,55.917,54.546, 1549087 
2024-07-26,54.949,55.093,55.236,54.7, 1805259 
2024-07-29,54.805,54.767,55.093,54.383, 1872561 
2024-07-30,54.316,55.169,55.284,54.278, 2067709 
2024-07-31,55.39,55.745,56.233,55.026, 4311469 
2024-08-01,57.614,59.483,59.589,57.317, 5059864 
2024-08-02,60.461,60.375,61.525,58.927, 4730736 
2024-08-05,72.003,70.172,72.281,67.411, 16463869 
2024-08-06,70.316,70.316,71.955,69.827, 7775659 
2024-08-07,70.766,69.942,71.495,69.693, 5493137 
2024-08-08,69.453,71.274,71.284,69.28, 4136671 
2024-08-09,71.274,71.782,72.108,69.903, 3867513 
2024-08-12,71.063,70.929,72.358,70.766, 3906507 
2024-08-13,71.073,71.418,71.6,70.738, 2267603 
2024-08-14,76.662,76.959,77.132,76.556, 45727047 
2024-08-15,76.93,76.959,77.036,76.815, 9361887 
2024-08-16,76.902,76.969,77.074,76.902, 7353612 
2024-08-19,76.988,76.94,77.103,76.892, 5577645 
2024-08-20,76.959,76.978,77.189,76.921, 5432772 
2024-08-21,77.026,77.256,77.266,76.949, 4541403 
2024-08-22,77.218,77.304,77.342,77.132, 4351460 
2024-08-23,77.218,77.333,77.4,77.218, 2489720 
2024-08-26,77.285,77.342,77.62,77.237, 2209771 
2024-08-27,77.362,77.448,77.458,77.314, 2483109 
2024-08-28,77.438,77.285,77.438,77.227, 3946090 
2024-08-29,77.218,77.199,77.285,77.103, 3459863 
2024-08-30,77.18,77.275,77.275,77.036, 4352913 
2024-09-03,77.384,77.393,77.432,77.249, 2772852 
2024-09-04,77.471,77.422,77.654,77.384, 3310059 
2024-09-05,77.5,77.422,77.529,77.104, 2795188 
2024-09-06,77.374,77.326,77.48,77.258, 2778034 
2024-09-09,77.403,77.403,77.596,77.355, 1982081 
2024-09-10,77.384,77.239,77.548,77.229, 2387262 
2024-09-11,77.278,77.162,77.307,77.142, 2656112 
2024-09-12,77.249,77.49,77.702,77.249, 3569494 
2024-09-13,77.5,77.896,77.963,77.5, 2266871 
2024-09-16,77.693,77.896,78.011,77.693, 2276521 
2024-09-17,77.838,77.857,77.982,77.828, 2212175 
2024-09-18,77.847,77.867,78.118,77.847, 2455583 
2024-09-19,77.857,77.867,77.934,77.76, 1792681 
2024-09-20,77.867,78.021,78.089,77.722, 5842923 
2024-09-23,77.828,77.838,78.04,77.789, 1642786 
2024-09-24,77.867,77.886,77.973,77.828, 1412857 
2024-09-25,77.876,77.809,77.953,77.78, 1627379 
2024-09-26,77.818,77.857,77.905,77.712, 1421125 
2024-09-27,77.789,77.992,78.06,77.789, 1330354 
2024-09-30,78.089,77.925,78.204,77.867, 2376699 
2024-10-01,77.915,77.867,77.953,77.78, 2728623 
2024-10-02,77.77,77.809,77.905,77.76, 1995952 
2024-10-03,77.77,77.847,77.896,77.77, 1788430 
2024-10-04,77.809,77.828,77.963,77.751, 1198123 
2024-10-07,77.828,77.838,77.905,77.77, 1825494 
2024-10-08,77.857,77.78,77.867,77.76, 1999198 
2024-10-09,77.818,77.78,77.876,77.78, 1446164 
2024-10-10,77.809,77.76,77.838,77.722, 1794568 
2024-10-11,77.809,77.77,77.818,77.731, 1151966 
2024-10-14,77.77,77.847,77.915,77.76, 1293440 
2024-10-15,77.896,78.137,78.291,77.818, 1305851 
2024-10-16,78.021,78.262,78.407,78.011, 808958 
2024-10-17,78.224,78.224,78.32,78.118, 1205333 
2024-10-18,78.253,78.253,78.272,78.089, 1643104 
2024-10-21,78.204,78.369,78.456,78.06, 2157573 
2024-10-22,78.398,78.127,78.446,78.118, 2109439 
2024-10-23,78.156,78.166,78.195,77.992, 1455904 
2024-10-24,78.185,78.233,78.33,78.137, 1399770 
2024-10-25,78.118,78.089,78.176,78.011, 1894268 
2024-10-28,78.166,77.818,78.233,77.818, 2488517 
2024-10-29,77.818,77.789,77.973,77.77, 1911047 
2024-10-30,77.789,78.06,78.108,77.741, 1221739 
2024-10-31,77.973,77.867,78.195,77.751, 3244044 
2024-11-01,77.809,77.828,78.002,77.809, 3773971 
2024-11-04,77.915,77.818,77.963,77.712, 1858077 
2024-11-05,77.905,78.069,78.098,77.799, 2081775 
2024-11-06,78.262,78.147,78.388,78.011, 3799952 
2024-11-07,78.176,77.876,78.243,77.867, 2632032 
2024-11-08,78.147,78.204,78.301,77.982, 1241579 
2024-11-11,78.166,78.301,78.378,78.166, 1410205 
2024-11-12,78.301,78.233,78.533,78.224, 1180909 
2024-11-13,78.33,78.378,78.407,78.204, 1124776 
2024-11-14,78.446,78.06,78.446,78.011, 2454209 
2024-11-15,78.204,77.789,78.349,77.625, 3846286 
2024-11-18,77.857,77.818,78.06,77.712, 2480665 
2024-11-19,77.625,77.77,77.799,77.596, 1752297 
2024-11-20,77.731,77.992,78.002,77.722, 1383867 
2024-11-21,77.925,78.224,78.291,77.905, 1833276 
2024-11-22,78.204,78.369,78.398,78.05, 1525418 
2024-11-25,78.204,78.311,78.359,78.011, 4011555 
2024-11-26,78.243,78.33,78.407,78.243, 1123436 
2024-11-27,78.398,78.349,78.475,78.282, 1292768 
2024-11-29,78.301,78.484,78.513,78.301, 1054007 
2024-12-02,78.62,78.464,78.678,78.347, 2653709 
2024-12-03,78.415,78.357,78.513,78.309, 1220935 
2024-12-04,78.279,78.26,78.445,78.202, 2040450 
2024-12-05,78.27,78.532,78.6,78.231, 1568089 
2024-12-06,78.484,78.503,78.688,78.415, 1187405 
2024-12-09,78.425,78.347,78.581,78.338, 1409569 
2024-12-10,78.396,78.464,78.6,78.386, 1341940 
2024-12-11,78.59,78.406,78.639,78.367, 1648021 
2024-12-12,78.552,78.474,78.6,78.415, 1373815 
2024-12-13,78.513,78.328,78.581,78.328, 2632314 
2024-12-16,78.513,78.425,78.513,78.386, 1907059 
2024-12-17,78.415,78.357,78.503,78.328, 2609675 
2024-12-18,78.357,78.163,78.415,78.153, 4008844 
2024-12-19,78.172,78.114,78.377,78.114, 2230925 
2024-12-20,78.114,78.27,78.746,78.104, 5307417 
2024-12-23,78.221,78.464,78.484,78.221, 1228725 
2024-12-24,78.338,78.581,78.639,78.338, 577930 
2024-12-26,78.513,78.863,78.882,78.493, 909371 
2024-12-27,78.785,78.921,79.038,78.697, 921988 
2024-12-30,78.814,78.581,78.814,78.464, 1331597 
2024-12-31,78.756,78.727,78.775,78.6, 1094995 
2025-01-02,78.766,78.814,78.872,78.668, 2041018 
2025-01-03,78.834,78.96,79.077,78.766, 1521717 
2025-01-06,78.902,78.97,79.009,78.785, 1986006 
2025-01-07,78.999,79.096,79.135,78.931, 2514825 
2025-01-08,79.125,79.281,79.32,78.804, 1643043 
2025-01-10,79.154,79.252,79.291,79.086, 1821055 
2025-01-13,79.252,79.252,79.31,79.067, 2560990 
2025-01-14,79.145,79.174,79.213,79.077, 2302266 
2025-01-15,79.193,78.941,79.261,78.902, 3116422 
2025-01-16,78.979,79.3,79.329,78.941, 2888426 
2025-01-17,79.232,79.514,79.524,79.096, 2647223 
2025-01-21,79.524,79.427,79.553,79.329, 3778015 
2025-01-22,79.339,79.378,79.466,79.252, 1417288 
2025-01-23,79.436,79.504,79.534,79.368, 868468 
2025-01-24,79.397,79.602,79.641,79.378, 1579688 
2025-01-27,79.728,79.689,79.786,79.388, 2773410 
2025-01-28,79.728,79.534,79.738,79.456, 1697026 
2025-01-29,79.631,79.504,79.777,79.485, 1155128 
2025-01-30,79.67,79.67,79.679,79.485, 1582146 
2025-01-31,79.679,79.466,79.679,79.397, 8377054 
2025-02-03,79.436,79.495,79.592,79.388, 1953572 
2025-02-04,79.582,79.485,79.582,79.407, 1442647 
2025-02-05,79.534,79.592,79.641,79.407, 2006006 
2025-02-06,79.66,79.854,79.884,79.563, 2404110 
2025-02-07,79.825,80.02,80.029,79.748, 1383545 
2025-02-10,79.971,80,80.01,79.835, 2675960 
2025-02-11,79.971,79.923,79.971,79.874, 1439983 
2025-02-12,79.923,79.903,80.059,79.874, 3070567 
2025-02-13,80,79.932,80.02,79.893, 4126790 
2025-02-14,79.952,79.981,80.127,79.903, 2982343 
2025-02-18,79.835,80.039,80.078,79.825, 2693996 
2025-02-19,80.01,80.127,80.204,80.01, 2495448 
2025-02-20,80.068,80.166,80.185,80.029, 1615414 
2025-02-21,80.117,80.37,80.428,80.078, 2684176 
2025-02-24,80.311,80.428,80.457,80.243, 2494589 
2025-02-25,80.457,80.399,80.555,80.389, 2437734 
2025-02-26,80.341,80.331,80.438,80.302, 1894016 
2025-02-27,80.331,80.214,80.467,80.175, 2364692 
2025-02-28,80.506,80.603,80.642,80.273, 3386223 
2025-03-03,80.693,80.879,80.879,80.585, 2363891 
2025-03-04,80.869,80.634,81.476,80.507, 2838746 
2025-03-05,80.644,80.644,80.82,80.566, 2948278 
2025-03-06,80.772,80.703,80.791,80.546, 1891461 
2025-03-07,80.772,80.723,80.938,80.644, 2950486 
2025-03-10,80.772,80.723,80.85,80.703, 2778725 
2025-03-11,80.772,80.507,80.772,80.488, 3907630 
2025-03-12,80.625,80.566,80.693,80.527, 1884530 
2025-03-13,80.762,80.576,80.762,80.537, 1892642 
2025-03-14,80.556,80.507,80.605,80.468, 2021662 
2025-03-17,80.497,80.654,80.703,80.497, 1426144 
2025-03-18,80.762,80.625,80.772,80.576, 1605481 
2025-03-19,80.644,80.625,80.732,80.625, 1245628 
2025-03-20,80.742,80.605,80.742,80.537, 3693277 
2025-03-21,80.576,80.781,80.781,80.537, 3087145 
2025-03-24,80.625,80.772,80.772,80.585, 3348879 
2025-03-25,80.605,80.664,80.693,80.605, 1734446 
2025-03-26,80.664,80.723,80.889,80.634, 1973120 
2025-03-27,80.82,80.723,80.82,80.713, 1003705 
2025-03-28,80.781,80.742,80.86,80.634, 1328231 
2025-03-31,80.918,80.762,80.918,80.634, 3027546 
2025-04-01,80.713,80.772,80.772,80.674, 2316609 
2025-04-02,80.762,80.723,80.801,80.693, 1956974 
2025-04-03,80.723,80.82,80.86,80.634, 2143600 
2025-04-04,80.674,80.517,80.772,80.439, 5082509 
2025-04-07,80.399,79.93,80.527,79.89, 9789086 
2025-04-08,80.331,79.978,80.409,79.949, 4985103 
2025-04-09,79.89,80.537,80.742,79.792, 5288478 
2025-04-10,80.39,80.419,80.625,80.282, 3527739 
2025-04-11,80.439,80.566,80.566,80.36, 3467023 
2025-04-14,80.439,80.723,80.732,80.262, 2014152 
2025-04-15,80.674,80.576,80.723,80.546, 1372345 
2025-04-16,80.576,80.566,80.664,80.419, 2183565 
2025-04-17,80.497,80.644,80.791,80.497, 1933265 
2025-04-21,80.625,80.683,80.742,80.429, 2748646 
2025-04-22,80.732,80.869,80.879,80.703, 2423250 
2025-04-23,80.713,81.114,81.134,80.664, 4024261 
2025-04-24,80.967,81.036,81.114,80.918, 3282661 
2025-04-25,81.104,80.889,81.114,80.781, 2207632 
2025-04-28,80.762,80.713,80.879,80.683, 1757302 
2025-04-29,80.713,80.85,80.879,80.674, 3799153 
2025-04-30,80.909,81.036,81.055,80.762, 2970905 
2025-05-01,80.772,81.065,81.183,80.772, 3625788 
2025-05-02,80.909,81.144,81.183,80.791, 3879008 
2025-05-05,81.036,80.879,81.065,80.86, 2017238 
2025-05-06,81.065,80.811,81.065,80.772, 2602770 
2025-05-07,80.85,80.83,80.879,80.791, 2639215 
2025-05-08,80.82,80.811,80.958,80.811, 2390331 
2025-05-09,80.82,80.752,80.967,80.703, 2183976 
2025-05-12,80.674,80.576,80.801,80.429, 2734120 
2025-05-13,80.507,80.39,80.546,80.116, 4207781 
2025-05-14,80.399,80.086,80.409,79.939, 4200188 
2025-05-15,80.184,80.409,80.517,79.616, 6833324 
2025-05-16,80.302,80.576,80.625,80.243, 3434394 
2025-05-19,80.82,80.674,80.977,80.527, 5214501 
2025-05-20,80.634,80.781,80.86,80.605, 3330022 
2025-05-21,80.723,80.409,80.752,80.331, 3055382 
2025-05-22,80.409,80.36,80.517,80.351, 2122272 
2025-05-23,80.566,80.664,80.703,80.282, 2202389 
2025-05-27,80.674,80.772,80.869,80.634, 5161349 
2025-05-28,80.772,80.537,80.781,80.537, 2232659 
2025-05-29,80.478,80.772,80.791,80.478, 1707704 
2025-05-30,80.85,80.899,80.958,80.634, 5559903 
2025-06-02,81.027,80.968,81.037,80.564, 3118146 
2025-06-03,80.741,80.692,80.938,80.692, 2993912 
2025-06-04,80.771,80.751,80.859,80.652, 1880852 
2025-06-05,80.83,80.988,80.997,80.662, 2626903 
2025-06-06,80.889,80.899,81.027,80.84, 1453553 
2025-06-09,80.83,80.83,80.84,80.593, 1690205 
2025-06-10,80.396,80.278,80.445,80.248, 4389136 
2025-06-11,80.248,80.455,80.495,80.219, 3034219 
2025-06-12,80.574,79.085,80.574,78.829, 11451340 
2025-06-13,78.967,78.75,79.095,78.71, 4243206 
2025-06-16,79.055,79.164,79.262,78.809, 4836008 
2025-06-17,79.065,79.095,79.361,79.065, 2638216 
2025-06-18,79.036,77.823,79.095,76.601, 10577980 
2025-06-20,77.882,77.557,77.892,77.005, 8886350 
2025-06-23,77.586,77.498,77.665,77.025, 3475849 
2025-06-24,77.271,77.409,77.596,77.163, 4543350 
2025-06-25,77.37,76.748,77.37,76.679, 5298761 
2025-06-26,77.439,77.705,77.774,77.35, 8130699 
2025-06-27,77.675,77.882,78.119,77.665, 4948662 
2025-06-30,78.06,78.405,78.424,77.685, 4622023 
2025-07-01,78.326,78.73,78.789,78.227, 4650709 
2025-07-02,78.562,78.868,78.927,78.562, 2739216 
2025-07-03,78.868,78.868,78.927,78.71, 1739002 
2025-07-07,78.789,78.533,78.809,78.365, 3005418 
2025-07-08,78.375,78.227,78.513,78.227, 2822384 
2025-07-09,78.375,78.099,78.434,77.991, 2779189 
2025-07-10,78.079,78.543,78.612,78.05, 3316375 
2025-07-11,78.464,78.316,78.562,78.139, 2467954 
2025-07-14,78.267,78.543,78.592,78.227, 2822694 
2025-07-15,78.277,78.306,78.691,78.277, 3840838 
2025-07-16,78.326,78.622,78.661,78.296, 3046441 
2025-07-17,78.622,78.848,78.878,78.582, 2417668 
2025-07-18,78.967,78.789,79.016,78.76, 2127696 
2025-07-21,78.789,78.641,78.858,78.622, 2656208 
2025-07-22,78.72,78.957,78.976,78.622, 3230674 
2025-07-23,78.868,78.769,78.986,78.75, 3112452 
2025-07-24,78.819,78.73,78.858,78.691, 2267163 
2025-07-25,78.819,78.7,78.819,78.671, 2069556 
2025-07-28,78.671,78.661,78.75,78.622, 1855958 
2025-07-29,78.73,79.006,79.016,78.622, 4315318 
2025-07-30,79.016,78.671,79.016,78.671, 1961463 
2025-07-31,78.622,78.7,78.888,78.434, 3057705 
2025-08-01,78.503,78.789,78.878,78.503, 2574883 
2025-08-04,78.809,78.957,78.976,78.75, 1527404 
2025-08-05,78.868,78.641,78.967,78.622, 2462763 
2025-08-06,78.651,78.71,78.75,78.592, 1382968 
2025-08-07,78.819,78.947,78.947,78.72, 2191620 
2025-08-08,78.967,78.937,79.006,78.838, 1818928 
2025-08-11,78.967,78.976,79.065,78.868, 1816196 
2025-08-12,79.026,79.055,79.075,78.976, 1624221 
2025-08-13,79.026,79.065,79.095,78.868, 1918271 
2025-08-14,78.957,78.947,79.006,78.868, 1341573 
2025-08-15,78.917,79.055,79.075,78.888, 1978374 
2025-08-18,79.046,78.888,79.065,78.878, 2146951 
2025-08-19,78.967,78.927,78.996,78.878, 1330258 
2025-08-20,78.967,78.907,79.075,78.898, 2169437 
2025-08-21,78.917,78.858,78.976,78.789, 2023742 
2025-08-22,78.917,79.016,79.016,78.868, 2223356 
2025-08-25,78.898,78.829,78.976,78.779, 1514896 
2025-08-26,78.76,78.681,78.809,78.671, 2294664 
2025-08-27,78.691,78.631,78.809,78.572, 1394120 
2025-08-28,78.553,78.346,78.572,78.286, 4453384 
2025-08-29,78.355,78.375,78.523,78.148, 3564816 
2025-09-02,78.505,78.395,78.544,78.356, 2300733 
2025-09-03,78.505,78.495,78.515,78.147, 2985975 
2025-09-04,78.574,78.932,79.279,78.574, 6110775 
2025-09-05,79.12,79.319,79.388,78.832, 3493197 
2025-09-08,79.051,78.812,79.18,78.713, 1985675 
2025-09-09,78.872,78.932,79.12,78.842, 2421700 
2025-09-10,78.852,78.495,78.922,78.326, 3478022 
2025-09-11,78.574,79.031,79.1,78.524, 2330640 
2025-09-12,78.951,78.882,79.061,78.842, 1279873 
2025-09-15,78.922,78.505,78.951,78.445, 1840183 
2025-09-16,78.554,78.872,78.922,78.554, 2520465 
2025-09-17,78.872,78.107,79.031,77.521, 5896242 
2025-09-18,77.958,77.66,78.256,77.66, 2826336 
2025-09-19,77.68,76.846,77.68,76.667, 6204949 
2025-09-22,76.717,76.469,76.826,76.459, 2397209 
2025-09-23,76.469,76.499,76.628,76.29, 3122063 
2025-09-24,76.479,76.429,76.479,75.952, 3747051 
2025-09-25,76.538,76.538,76.926,76.23, 3085753 
2025-09-26,76.638,77.402,77.502,76.538, 3181390 
2025-09-29,81.136,81.395,81.444,81.017, 9518269 
2025-09-30,81.395,81.454,81.484,81.156, 3700518 
2025-10-01,81.534,81.891,81.931,81.325, 5120877 
2025-10-02,81.732,82.08,82.427,81.633, 6683557 
2025-10-03,82.09,82.159,82.209,82.05, 3188831 
2025-10-06,82.129,82.09,82.179,82.07, 3081848 
2025-10-07,82.338,82.328,82.417,82.229, 3722512 
2025-10-08,82.328,82.298,82.378,82.199, 2035959 
2025-10-09,82.328,82.288,82.358,82.229, 2093565 
2025-10-10,82.239,82.288,82.378,82.239, 3338678 
2025-10-13,81.752,82.229,82.328,81.752, 1785739 
2025-10-14,82.229,82.378,82.378,82.229, 1955344 
2025-10-15,82.378,82.219,82.378,82.189, 2178368 
2025-10-16,82.318,82.348,82.348,82.209, 2269341 
2025-10-17,82.407,82.517,82.537,82.308, 2927317 
2025-10-20,82.457,82.467,82.527,82.328, 1126474 
2025-10-21,82.477,82.407,82.477,82.328, 1360521 
2025-10-22,82.427,82.447,82.487,82.268, 1252383 
2025-10-23,82.477,82.457,82.477,82.318, 2045856 
2025-10-24,82.437,82.457,82.497,82.02, 1567977 
2025-10-27,82.517,82.547,82.566,82.427, 1317084 
2025-10-28,82.487,82.517,82.547,82.487, 1671154 
2025-10-29,82.427,82.447,82.537,82.388, 2444899 
2025-10-30,82.447,82.556,82.576,82.447, 2376000 
2025-10-31,82.407,82.487,82.527,82.378, 2633660 
2025-11-03,82.368,82.487,82.527,82.278, 1888687 
2025-11-04,82.527,82.616,82.626,82.457, 2330269 
2025-11-05,82.805,82.626,82.844,82.547, 2000153 
2025-11-06,82.656,82.656,82.686,82.566, 1829350 
2025-11-07,82.686,82.765,82.765,82.636, 2127701 
2025-11-10,82.765,82.745,82.765,82.626, 2054110 
2025-11-11,82.775,82.745,82.795,82.705, 1799514 
2025-11-12,82.765,82.745,82.874,82.705, 2019722 
2025-11-13,82.825,82.715,82.825,82.686, 1565174 
2025-11-14,82.805,82.745,82.825,82.695, 1347614 
2025-11-17,82.775,82.755,82.835,82.725, 2173799 
2025-11-18,82.805,82.894,82.894,82.735, 2219016 
2025-11-19,82.785,82.844,82.874,82.775, 2361918 
2025-11-20,82.805,82.825,82.854,82.785, 1769193 
2025-11-21,82.825,82.874,82.884,82.785, 4287352 
2025-11-24,82.874,82.874,82.894,82.854, 5538907 
2025-11-25,82.894,82.914,83.073,82.894, 3798430 
2025-11-26,82.944,83.023,83.073,82.904, 2312948 
2025-11-28,82.874,83.063,83.073,82.874, 1375616 
2025-12-01,83.08,83.07,83.28,83.05, 3205791 
2025-12-02,83.12,83.13,83.15,83.11, 3005851 
2025-12-03,83.2,83.14,83.24,83.11, 1650024 
2025-12-04,83.24,83.15,83.26,83.13, 2665451 
2025-12-05,83.24,83.14,83.24,83.05, 4922521 
2025-12-08,83.45,83.44,83.47,83.43, 3754838 
2025-12-09,83.45,83.45,83.49,83.45, 2839457 
