Date,Open,High,Low,Close,Volume
2023-09-25,67.4,86.3,63.3,74.0,111273
2023-09-26,71.25,75.98,68.0,68.4,82738
2023-09-27,69.3,90.0,69.11,88.0,116071
2023-09-28,82.78,83.38,74.6,75.02,93271
2023-10-09,73.11,77.5,70.71,72.89,72816
2023-10-10,70.97,71.0,65.51,65.65,68539
2023-10-11,65.26,68.7,65.26,66.39,54631
2023-10-12,66.74,69.37,64.4,65.64,48423
2023-10-13,64.04,66.89,64.0,65.55,35987
2023-10-16,65.76,66.7,62.6,63.12,38761
2023-10-17,62.48,63.5,61.18,63.43,29207
2023-10-18,63.24,63.24,60.62,60.82,24707
2023-10-19,60.0,62.31,59.8,60.01,22055
2023-10-20,59.9,60.2,58.2,58.27,20716
2023-10-23,58.38,58.69,56.51,56.53,15299
2023-10-24,56.79,58.99,56.53,58.91,20294
2023-10-25,57.7,58.26,56.8,57.88,25558
2023-10-26,57.4,57.86,55.68,57.76,18970
2023-10-27,57.85,61.43,57.85,61.28,43137
2023-10-30,60.86,63.98,60.73,61.74,43881
2023-10-31,61.24,63.56,60.6,61.95,30824
2023-11-01,61.88,62.24,59.7,60.61,23692
2023-11-02,60.61,62.93,60.61,60.77,25196
2023-11-03,61.0,62.48,60.71,61.45,17792
2023-11-06,61.88,64.5,61.88,63.7,25836
2023-11-07,63.35,63.66,62.46,63.05,19843
2023-11-08,63.0,64.99,62.59,63.15,24253
2023-11-09,62.69,63.66,61.18,61.45,22430
2023-11-10,61.45,63.3,61.27,62.48,17066
2023-11-13,62.89,63.19,61.7,62.8,10819
2023-11-14,62.88,63.35,62.02,62.84,10698
2023-11-15,64.0,64.38,62.52,62.8,10947
2023-11-16,62.5,62.68,60.6,60.6,14928
2023-11-17,60.6,61.42,60.2,61.02,8642
2023-11-20,61.01,62.77,61.0,62.28,13130
2023-11-21,62.29,63.25,61.7,62.39,14812
2023-11-22,61.8,62.1,60.2,60.24,14363
2023-11-23,59.96,65.01,59.96,62.57,27334
2023-11-24,62.02,64.2,61.4,63.92,33623
2023-11-27,63.99,63.99,59.95,60.56,32726
2023-11-28,60.56,61.97,58.75,61.58,23053
2023-11-29,61.0,63.7,60.89,62.31,19647
2023-11-30,62.12,62.35,58.55,58.91,25982
2023-12-01,58.91,58.91,57.13,58.33,19819
2023-12-04,58.15,58.15,56.9,57.47,12015
2023-12-05,57.46,57.65,56.42,56.55,11472
2023-12-06,56.8,57.68,55.98,56.83,15764
2023-12-07,56.32,56.35,54.75,55.08,16737
2023-12-08,54.97,55.4,54.4,54.76,11325
2023-12-11,54.7,56.25,53.5,56.15,12879
2023-12-12,56.2,56.3,55.6,55.84,6274
2023-12-13,55.83,56.8,55.57,55.97,10616
2023-12-14,55.6,56.99,55.6,55.71,8882
2023-12-15,55.86,55.97,54.98,55.38,7064
2023-12-18,55.33,55.5,54.3,54.3,5220
2023-12-19,54.31,54.85,53.8,54.59,5107
2023-12-20,54.5,55.83,54.48,54.64,7081
2023-12-21,54.45,54.63,52.9,54.2,8054
2023-12-22,54.48,54.48,52.8,52.83,7208
2023-12-25,52.86,53.16,52.09,52.51,4481
2023-12-26,52.51,52.51,51.17,51.28,6131
2023-12-27,51.29,52.3,51.02,52.24,5420
2023-12-28,52.17,54.2,51.6,53.83,9344
2023-12-29,53.98,55.6,53.89,55.3,8782
2024-01-02,55.08,55.3,54.0,54.31,5041
2024-01-03,54.05,55.08,53.82,54.4,5419
2024-01-04,55.12,58.0,54.85,56.08,17736
2024-01-05,56.95,60.48,56.87,58.29,34604
2024-01-08,58.3,59.88,56.66,56.69,16229
2024-01-09,56.6,57.65,55.62,55.93,10245
2024-01-10,55.66,56.94,54.73,54.79,8241
2024-01-11,57.43,59.84,55.48,57.3,20512
2024-01-12,57.1,58.46,55.4,56.35,17663
2024-01-15,55.63,59.8,55.5,58.14,26337
2024-01-16,57.83,59.95,57.25,58.88,17224
2024-01-17,58.5,59.37,57.3,57.88,16884
2024-01-18,57.3,57.93,54.19,57.83,19009
2024-01-19,57.0,57.68,55.54,56.8,12073
2024-01-22,56.42,56.79,50.8,51.45,13064
2024-01-23,51.17,52.11,50.01,51.48,6450
2024-01-24,51.24,53.9,51.24,52.56,6931
2024-01-25,52.56,58.79,52.55,57.0,20145
2024-01-26,56.5,56.77,54.18,54.19,14783
2024-01-29,54.88,57.88,54.3,54.4,18292
2024-01-30,53.33,53.33,51.18,51.49,12502
2024-01-31,51.0,51.49,48.08,48.18,11606
2024-02-01,48.28,50.86,48.28,49.98,10228
2024-02-02,49.51,50.59,44.03,47.35,10503
2024-02-05,46.5,47.55,43.01,44.68,7364
2024-02-06,43.41,47.6,42.9,46.89,7149
2024-02-07,47.0,47.8,45.01,45.63,11612
2024-02-08,46.3,49.16,44.94,48.81,9855
2024-02-19,48.81,50.28,48.51,49.48,6387
2024-02-20,49.02,51.58,48.02,50.8,7238
2024-02-21,50.0,52.19,49.5,50.87,9706
2024-02-22,50.3,51.6,49.96,51.07,6655
2024-02-23,51.1,51.95,50.73,51.89,7444
2024-02-26,51.87,53.2,51.1,53.19,11235
2024-02-27,52.4,53.5,52.13,53.49,6790
2024-02-28,53.33,55.6,50.66,50.89,11446
2024-02-29,49.6,52.16,49.6,51.54,10598
2024-03-01,51.2,51.79,50.51,51.05,8383
2024-03-04,50.62,55.49,50.62,55.33,20868
2024-03-05,53.8,54.51,51.54,52.26,17792
2024-03-06,52.33,53.08,51.18,52.99,8897
2024-03-07,51.99,52.78,50.61,51.11,6993
2024-03-08,51.16,52.37,51.16,51.99,4755
2024-03-11,52.18,53.3,51.18,53.26,6555
2024-03-12,53.0,57.75,52.03,55.3,18718
2024-03-13,54.3,56.5,54.3,56.02,11065
2024-03-14,57.99,60.0,54.8,55.41,33877
2024-03-15,55.14,55.9,52.66,53.92,19848
2024-03-18,53.98,56.78,53.33,56.15,15979
2024-03-19,55.89,56.15,54.3,54.62,9946
2024-03-20,54.1,56.33,54.06,55.09,11037
2024-03-21,54.7,54.7,53.5,53.9,9387
2024-03-22,53.66,53.8,51.75,51.91,8451
2024-03-25,51.15,53.6,50.8,51.73,11851
2024-03-26,51.3,51.59,49.39,50.41,10376
2024-03-27,50.0,50.48,49.25,49.6,5747
2024-03-28,49.2,50.5,48.84,49.94,6028
2024-03-29,49.59,50.28,49.45,49.99,4576
2024-04-01,50.15,50.67,49.83,50.5,8909
2024-04-02,50.48,50.48,49.49,49.85,4721
2024-04-03,49.98,50.1,49.13,49.45,3540
2024-04-08,49.59,49.59,47.74,47.8,3451
2024-04-09,47.94,48.98,47.61,48.76,5905
2024-04-10,48.72,48.78,46.72,47.16,4769
2024-04-11,47.09,47.65,46.64,46.82,3163
2024-04-12,46.93,47.4,46.3,46.63,3534
2024-04-15,46.65,47.07,44.7,45.1,5671
2024-04-16,44.91,45.1,40.99,41.26,6996
2024-04-17,42.5,43.2,41.64,42.75,11642
2024-04-18,42.1,43.18,41.73,42.72,8569
2024-04-19,42.22,42.76,42.06,42.54,4874
2024-04-22,42.66,42.75,41.35,41.86,11419
2024-04-23,41.79,42.88,41.19,42.32,10502
2024-04-24,41.97,43.34,41.89,43.25,10379
2024-04-25,43.18,44.57,43.04,43.96,9787
2024-04-26,43.8,44.7,43.7,44.59,8433
2024-04-29,44.68,45.6,44.32,45.42,9590
2024-04-30,45.33,46.29,44.76,45.85,10303
2024-05-06,46.4,48.48,45.87,48.48,14040
2024-05-07,48.2,48.69,47.52,48.03,9866
2024-05-08,48.13,48.6,47.14,48.09,9036
2024-05-09,47.58,48.55,47.5,48.11,8281
2024-05-10,48.11,48.29,46.74,47.0,6034
2024-05-13,55.0,55.0,47.41,47.78,34301
2024-05-14,45.17,47.27,45.11,46.0,24434
2024-05-15,45.42,45.64,44.5,44.78,13536
2024-05-16,44.99,45.25,44.42,44.48,9229
2024-05-17,44.32,45.1,44.32,44.95,7480
2024-05-20,44.96,45.27,44.68,44.95,7246
2024-05-21,44.91,44.95,44.41,44.5,5467
2024-05-22,44.68,45.3,44.68,45.22,7151
2024-05-23,45.12,45.97,44.86,45.76,12871
2024-05-24,45.48,46.87,44.9,45.93,14042
2024-05-27,45.93,46.15,44.4,45.35,9751
2024-05-28,45.15,45.15,44.3,44.46,5930
2024-05-29,44.6,44.99,44.09,44.7,4356
2024-05-30,44.6,44.72,44.13,44.15,4393
2024-05-31,44.3,45.4,44.3,45.2,6818
2024-06-03,44.96,45.48,44.05,44.35,5506
2024-06-04,44.37,44.37,43.15,43.73,5220
2024-06-05,43.94,44.38,43.08,43.15,5127
2024-06-06,43.16,43.48,40.99,41.38,6956
2024-06-07,41.55,42.24,41.5,41.78,6669
2024-06-11,41.6,42.34,40.85,42.29,4850
2024-06-12,42.0,50.75,41.67,47.42,60713
2024-06-13,45.5,46.94,44.5,46.75,47537
2024-06-14,45.6,45.79,44.71,45.23,25728
2024-06-17,45.06,45.14,44.4,45.0,16379
2024-06-18,44.85,45.07,43.54,43.88,25593
2024-06-19,43.79,44.2,43.57,44.16,14210
2024-06-20,43.73,45.99,43.62,44.82,28961
2024-06-21,43.66,43.86,40.69,43.42,20254
2024-06-24,42.93,43.0,40.48,40.68,19180
2024-06-25,40.8,41.48,40.33,41.22,10041
2024-06-26,40.8,42.45,40.8,42.3,11534
2024-06-27,41.91,42.38,41.17,41.18,8775
2024-06-28,40.83,41.94,40.83,41.38,7557
2024-07-01,41.29,41.88,40.57,41.81,7249
2024-07-02,41.7,41.96,40.77,41.18,6860
2024-07-03,41.09,41.4,40.32,40.76,7839
2024-07-04,40.74,40.74,38.8,38.9,9825
2024-07-05,38.6,40.35,38.08,40.07,9490
2024-07-08,39.79,40.07,38.46,38.85,7848
2024-07-09,38.74,39.29,37.84,39.15,7708
2024-07-10,38.87,39.7,38.59,39.2,6183
2024-07-11,39.7,40.75,39.55,40.38,10585
2024-07-12,40.39,42.6,40.39,40.48,13745
2024-07-15,40.16,40.35,39.0,39.26,8307
2024-07-16,39.38,40.4,39.07,40.27,8631
2024-07-17,40.0,40.88,38.08,39.92,9065
2024-07-18,39.49,39.9,38.73,39.87,8240
2024-07-19,39.54,40.35,39.52,40.25,6672
2024-07-22,40.49,41.0,40.04,40.63,7040
2024-07-23,40.47,40.74,39.4,39.5,6962
2024-07-24,39.3,39.98,38.85,38.96,6381
2024-07-25,38.56,39.78,38.5,39.15,5149
2024-07-26,39.35,39.65,39.01,39.29,5130
2024-07-29,39.34,39.39,38.66,38.75,5455
2024-07-30,38.75,41.8,38.75,39.8,23356
2024-07-31,39.09,40.85,39.09,40.72,20550
2024-08-01,40.58,41.48,40.49,40.74,14969
2024-08-02,40.5,42.66,40.5,41.48,27235
2024-08-05,40.97,43.96,40.75,42.0,27752
2024-08-06,42.07,44.75,41.44,44.23,34324
2024-08-07,43.29,43.29,41.89,42.31,23968
2024-08-08,42.01,42.58,41.12,41.28,17567
2024-08-09,41.85,41.87,40.17,40.22,14767
2024-08-12,39.8,41.04,39.76,40.49,10890
2024-08-13,40.24,40.38,39.44,40.3,7432
2024-08-14,39.83,40.34,39.83,40.02,5990
2024-08-15,40.0,40.46,39.43,39.85,9542
2024-08-16,39.49,40.18,39.2,39.83,8812
2024-08-19,39.98,40.18,38.72,38.88,11474
2024-08-20,38.66,38.89,37.89,38.0,6836
2024-08-21,38.0,38.25,37.61,37.92,4258
2024-08-22,37.8,38.09,36.61,36.63,5906
2024-08-23,36.28,36.46,35.39,35.6,8493
2024-08-26,35.8,36.18,35.3,35.95,4065
2024-08-27,35.95,36.29,35.58,35.84,4404
2024-08-28,35.46,36.28,35.36,35.9,5329
2024-08-29,35.77,36.6,35.52,36.35,5883
2024-08-30,36.4,37.26,36.16,36.76,7860
2024-09-02,36.74,36.98,35.68,35.71,6782
2024-09-03,35.73,36.25,35.59,35.94,4802
2024-09-04,35.73,36.38,35.6,36.02,3702
2024-09-05,36.0,36.44,35.74,36.4,4730
2024-09-06,36.31,36.5,35.38,35.39,5668
2024-09-09,35.4,36.27,35.26,35.78,5026
2024-09-10,35.58,35.87,34.88,35.53,5158
2024-09-11,35.35,35.95,35.32,35.69,3787
2024-09-12,35.69,36.16,35.6,35.6,3906
2024-09-13,35.6,35.7,33.88,33.96,8254
2024-09-18,34.5,37.73,34.31,35.33,15488
2024-09-19,34.95,37.0,34.9,36.2,18337
2024-09-20,35.66,35.75,34.35,34.6,13726
2024-09-23,36.72,39.94,36.5,37.58,35678
2024-09-24,36.05,37.5,35.95,37.46,31332
2024-09-25,37.03,41.97,36.98,39.45,50239
2024-09-26,38.39,39.36,37.89,39.27,30971
2024-09-27,39.61,41.9,39.4,40.8,36765
2024-09-30,42.5,46.75,40.88,45.43,57884
2024-10-08,52.95,52.99,46.12,49.19,59841
2024-10-09,47.0,47.98,42.7,42.74,36881
2024-10-10,43.1,44.6,42.78,42.84,21451
2024-10-11,42.4,42.4,40.0,40.6,18670
2024-10-14,40.66,41.45,39.81,41.43,15301
2024-10-15,41.4,42.5,40.6,40.64,15539
2024-10-16,39.88,41.27,39.88,40.84,11400
2024-10-17,40.99,41.56,40.4,40.5,10956
2024-10-18,40.41,42.77,40.04,41.78,17628
2024-10-21,41.79,43.92,41.5,42.82,20468
2024-10-22,42.7,43.65,42.26,42.97,17525
2024-10-23,42.67,44.09,42.26,43.33,21304
2024-10-24,43.3,44.0,42.62,43.1,17248
2024-10-25,42.78,44.73,42.53,44.71,28230
2024-10-28,44.06,45.38,43.81,45.33,25253
2024-10-29,45.12,45.5,43.1,43.39,19048
2024-10-30,42.9,43.37,41.88,42.45,13914
2024-10-31,42.11,42.61,41.5,42.04,12615
2024-11-01,41.73,42.09,40.5,41.17,13145
2024-11-04,41.21,42.35,41.21,42.33,9345
2024-11-05,42.29,43.16,41.87,43.0,14556
2024-11-06,42.9,43.75,42.64,42.94,15146
2024-11-07,42.6,43.96,42.42,43.93,15810
2024-11-08,44.19,44.65,43.59,43.98,15779
2024-11-11,43.8,45.21,43.61,45.16,19660
2024-11-12,45.06,46.5,44.38,44.98,24509
2024-11-13,44.5,45.58,43.79,44.82,14382
2024-11-14,44.88,45.15,43.0,43.23,11422
2024-11-15,43.2,43.48,41.9,41.95,10337
2024-11-18,42.2,42.31,40.3,40.52,13632
2024-11-19,40.6,41.86,40.57,41.85,9828
2024-11-20,41.85,43.2,41.33,42.79,11833
2024-11-21,42.78,43.28,42.34,42.84,7848
2024-11-22,42.97,43.0,40.43,40.5,13033
2024-11-25,40.61,41.48,40.61,41.48,8658
2024-11-26,41.12,42.33,41.02,41.21,8557
2024-11-27,41.45,41.78,40.33,41.78,9592
2024-11-28,41.48,42.27,41.48,41.65,6935
2024-11-29,41.85,42.55,41.35,42.24,8829
2024-12-02,42.24,42.78,42.2,42.74,10471
2024-12-03,42.5,42.89,42.2,42.58,8068
2024-12-04,42.55,42.55,41.61,41.75,8407
2024-12-05,41.75,42.39,41.65,42.22,5193
2024-12-06,42.22,43.6,41.88,43.24,13351
2024-12-09,45.0,46.0,43.4,43.82,23016
2024-12-10,44.88,45.24,43.24,43.35,18139
2024-12-11,43.33,43.63,43.0,43.32,10016
2024-12-12,43.39,43.88,43.16,43.65,9383
2024-12-13,43.44,43.65,42.46,42.5,9836
2024-12-16,42.9,43.2,42.08,42.38,7795
2024-12-17,42.52,42.79,40.58,40.85,12809
2024-12-18,40.99,41.27,40.35,40.86,6457
2024-12-19,40.85,41.18,40.4,40.99,5769
2024-12-20,40.9,41.75,40.9,41.63,6311
2024-12-23,41.5,41.6,40.1,40.12,9033
2024-12-24,40.24,40.73,39.9,40.6,5277
2024-12-25,40.85,41.92,40.27,40.6,6776
2024-12-26,40.2,40.99,40.01,40.45,6934
2024-12-27,40.64,40.86,40.2,40.49,5813
2024-12-30,40.22,40.3,39.36,39.53,7430
2024-12-31,39.61,39.7,38.5,38.5,8140
2025-01-02,38.53,39.1,37.8,37.89,7056
2025-01-03,37.81,39.13,37.1,37.18,9060
2025-01-06,37.01,37.97,36.88,37.44,6963
2025-01-07,37.45,37.58,36.75,37.55,6024
2025-01-08,37.44,37.77,36.62,37.6,5903
2025-01-09,37.3,38.05,37.18,37.52,6132
2025-01-10,37.52,37.68,36.7,36.8,5134
2025-01-13,36.38,37.2,36.03,37.01,3950
2025-01-14,37.29,37.99,36.94,37.99,7346
2025-01-15,37.88,38.25,37.67,37.94,5984
2025-01-16,38.0,38.33,37.61,37.77,5461
2025-01-17,37.55,38.12,37.54,37.86,3682
2025-01-20,38.21,38.95,37.92,38.6,6210
2025-01-21,38.6,38.76,37.84,38.25,5057
2025-01-22,38.25,38.25,37.65,37.92,3419
2025-01-23,38.0,38.5,38.0,38.03,5396
2025-01-24,37.68,37.94,37.43,37.86,4373
2025-01-27,38.0,38.47,38.0,38.2,5371
2025-02-05,38.3,38.76,38.3,38.72,5428
2025-02-06,38.8,39.13,38.51,39.13,6146
2025-02-07,39.09,40.4,39.01,39.66,11636
2025-02-10,39.7,40.17,39.4,40.12,7569
2025-02-11,40.01,40.09,39.51,39.71,5376
2025-02-12,39.32,39.8,39.17,39.47,5808
2025-02-13,39.51,39.65,39.06,39.12,5127
2025-02-14,39.07,40.5,39.04,39.87,11110
2025-02-17,40.0,40.7,39.7,40.28,12751
2025-02-18,40.0,40.19,39.13,39.21,9186
2025-02-19,39.25,42.17,39.08,41.08,22859
2025-02-20,40.82,41.86,40.82,41.86,22050
2025-02-21,41.57,44.0,41.15,43.79,44124
2025-02-24,43.65,43.66,42.24,42.81,19264
2025-02-25,43.98,45.09,42.72,43.03,40593
2025-02-26,42.48,43.03,41.56,41.91,29486
2025-02-27,41.76,43.3,41.6,42.25,20327
2025-02-28,41.63,41.8,40.35,40.35,16135
2025-03-03,40.51,41.55,40.31,40.55,12772
2025-03-04,40.23,41.13,40.14,41.1,8985
2025-03-05,40.98,41.0,40.13,40.85,8349
2025-03-06,41.0,41.63,40.84,41.42,9142
2025-03-07,41.38,41.45,40.71,40.91,7775
2025-03-10,42.42,42.48,41.21,41.71,12507
2025-03-11,41.0,41.48,40.9,41.42,7025
2025-03-12,41.4,41.69,41.14,41.36,6429
2025-03-13,41.48,41.48,40.43,40.99,7294
2025-03-14,40.81,41.73,40.8,41.68,9091
2025-03-17,41.72,41.95,41.4,41.63,8097
2025-03-18,41.7,42.59,41.66,42.19,11179
2025-03-19,41.94,42.4,41.86,42.08,7629
2025-03-20,41.75,42.03,41.45,41.54,5943
2025-03-21,41.54,41.62,40.0,40.6,7684
2025-03-24,40.5,40.93,39.16,39.93,8520
2025-03-25,40.06,40.14,39.0,39.91,5069
2025-03-26,39.87,40.38,39.66,40.2,4720
2025-03-27,40.18,41.89,39.45,41.56,11011
2025-03-28,41.32,42.92,41.32,41.5,15826
2025-03-31,41.0,41.4,40.0,40.78,10431
2025-04-01,41.29,43.38,40.83,42.87,25798
2025-04-02,42.78,43.19,42.35,42.69,13477
2025-04-03,42.24,43.46,42.0,42.43,13531
2025-04-07,39.5,41.22,34.48,35.56,24217
2025-04-08,36.08,37.48,35.73,36.38,13143
2025-04-09,35.51,37.14,33.45,36.91,17063
2025-04-10,37.55,38.48,37.52,37.64,12850
2025-04-11,37.69,38.39,37.28,37.98,8741
2025-04-14,39.42,39.65,37.97,38.11,10019
2025-04-15,38.0,38.44,37.77,38.2,7012
2025-04-16,38.19,38.19,37.11,37.69,6935
2025-04-17,37.31,38.5,37.31,38.04,6798
2025-04-18,38.8,40.16,38.26,38.39,15867
2025-04-21,38.06,39.42,37.5,38.8,11847
2025-04-22,37.0,37.23,36.52,36.94,22622
2025-04-23,36.62,37.13,36.6,36.75,11114
2025-04-24,36.75,38.1,36.5,37.03,13726
2025-04-25,37.07,37.73,36.3,36.51,11305
2025-04-28,36.21,36.55,35.45,35.68,7983
2025-04-29,35.39,36.42,35.39,36.04,7795
2025-04-30,36.2,37.56,36.09,36.7,12545
2025-05-06,36.83,38.0,36.8,37.79,14490
2025-05-07,37.83,38.56,37.33,37.74,11032
2025-05-08,37.75,38.2,37.51,38.04,7370
2025-05-09,38.03,38.05,37.35,37.39,6556
2025-05-12,37.68,38.06,37.31,37.96,7878
2025-05-13,37.98,38.16,37.61,37.63,5218
2025-05-14,38.2,38.2,37.33,37.45,7372
2025-05-15,37.44,41.68,37.07,39.45,41179
2025-05-16,38.65,40.46,37.9,39.82,37054
2025-05-19,39.28,39.28,38.28,38.8,20609
2025-05-20,38.85,39.86,38.68,39.51,18925
2025-05-21,39.26,40.28,39.26,39.56,15805
2025-05-22,39.3,39.74,38.58,38.76,12862
2025-05-23,38.98,41.45,38.82,40.25,34133
2025-05-26,39.46,39.95,39.07,39.92,19214
2025-05-27,39.54,40.45,39.54,40.26,17215
2025-05-28,39.97,40.27,39.07,39.16,13331
2025-05-29,39.05,40.95,38.72,40.95,21846
2025-05-30,41.35,42.48,40.7,41.11,30621
2025-06-03,40.68,42.5,40.68,41.95,30273
2025-06-04,41.93,42.86,41.45,42.8,25393
2025-06-05,42.65,42.65,41.03,41.6,20505
2025-06-06,41.6,41.67,40.93,41.29,10872
2025-06-09,41.05,48.36,40.73,45.0,57536
2025-06-10,45.83,49.9,45.05,47.72,87935
2025-06-11,46.17,47.15,44.5,44.89,59263
2025-06-12,45.25,46.39,44.83,46.39,48399
2025-06-13,45.26,45.74,43.1,43.41,39615
2025-06-16,43.36,44.34,42.84,43.67,24825
2025-06-17,44.23,50.83,44.2,46.71,58713
2025-06-18,44.88,46.39,43.76,43.81,43298
2025-06-19,43.38,43.8,41.17,41.36,29911
2025-06-20,41.39,41.78,40.68,40.97,16148
2025-06-23,40.49,41.86,40.1,41.79,18722
2025-06-24,41.8,42.59,41.7,42.41,17348
2025-06-25,42.41,42.56,41.4,42.02,17710
2025-06-26,42.0,42.06,40.98,41.22,16085
2025-06-27,41.26,42.19,41.13,41.67,15292
2025-06-30,41.62,43.12,41.45,43.11,21614
2025-07-01,43.5,44.1,42.89,43.89,24696
2025-07-02,43.6,44.07,42.6,42.9,17102
2025-07-03,42.95,43.8,42.52,43.46,14503
2025-07-04,43.25,43.98,42.66,42.99,15719
2025-07-07,42.69,43.36,42.61,42.89,11566
2025-07-08,42.89,44.11,42.67,43.84,19902
2025-07-09,43.63,45.88,43.4,45.0,37546
2025-07-10,44.61,45.65,44.2,44.9,26761
2025-07-11,44.83,47.17,44.83,45.49,34954
2025-07-14,45.39,46.35,44.88,46.21,27102
2025-07-15,45.71,45.9,44.35,45.31,23988
2025-07-16,45.2,45.4,44.8,45.2,14012
2025-07-17,45.19,46.88,45.07,46.56,30956
2025-07-18,46.37,46.47,45.37,46.22,21700
2025-07-21,45.8,46.98,45.5,46.92,25586
2025-07-22,46.91,47.7,46.12,46.42,23366
2025-07-23,45.87,47.99,45.75,46.73,27637
2025-07-24,46.8,48.48,46.58,47.3,23346
2025-07-25,47.46,48.01,46.58,47.32,23801
2025-07-28,47.3,48.19,46.78,47.33,19475
2025-07-29,47.55,49.35,46.55,48.39,37661
2025-07-30,47.52,49.86,47.52,48.42,38578
2025-07-31,47.87,49.75,47.87,48.93,34948
2025-08-01,49.01,50.61,48.3,48.42,36606
2025-08-04,48.51,49.36,47.41,48.97,28931
2025-08-05,48.96,49.36,48.08,48.51,20241
2025-08-06,48.73,48.98,47.19,47.28,25906
2025-08-07,47.28,47.66,46.0,46.54,21877
2025-08-08,46.58,47.26,45.8,46.69,16523
2025-08-11,46.65,47.88,46.65,47.72,15684
2025-08-12,47.8,48.35,46.51,46.8,14111
2025-08-13,46.89,47.71,46.24,47.1,14678
2025-08-14,47.28,47.28,45.75,45.87,16850
2025-08-15,45.9,46.5,45.63,46.45,13200
2025-08-18,46.35,47.28,46.31,46.55,14994
2025-08-19,46.6,47.74,46.51,46.55,18957
2025-08-20,46.28,46.32,45.33,46.09,15321
2025-08-21,45.95,46.39,45.65,45.83,9846
2025-08-22,45.65,45.95,45.33,45.81,15412
2025-08-25,45.91,46.77,45.77,46.53,15142
2025-08-26,46.2,46.44,45.64,45.68,15766
2025-08-27,45.67,46.0,43.85,43.9,19375
2025-08-28,43.9,44.55,41.81,43.23,18294
2025-08-29,43.23,43.68,43.02,43.38,10007
2025-09-01,43.51,44.46,43.01,44.15,12382
2025-09-02,44.02,44.26,42.77,43.35,12452
2025-09-03,43.62,44.21,42.81,43.02,10371
2025-09-04,43.2,44.1,42.51,43.14,12202
2025-09-05,43.15,43.86,42.77,43.75,9506
2025-09-08,43.65,44.37,43.56,44.26,9217
2025-09-09,44.0,44.25,43.13,43.39,9559
2025-09-10,43.3,44.01,43.21,43.67,7869
2025-09-11,43.43,43.74,42.48,43.71,9526
2025-09-12,43.67,44.3,43.06,43.89,11865
2025-09-15,43.8,44.36,43.51,44.05,9728
2025-09-16,44.3,45.25,43.95,45.13,16563
2025-09-17,44.9,45.19,44.32,44.38,13911
2025-09-18,44.3,44.6,42.68,42.94,14242
2025-09-19,42.92,43.38,42.23,42.5,8145
2025-09-22,42.46,42.91,41.84,42.03,7603
2025-09-23,42.04,42.19,40.48,41.41,9561
2025-09-24,41.3,42.14,40.86,42.12,7445
2025-09-25,42.12,42.58,41.57,41.68,6835
2025-09-26,41.49,41.85,41.06,41.55,4920
2025-09-29,41.22,41.63,40.9,41.46,4141
2025-09-30,41.56,41.82,41.45,41.74,6105
2025-10-09,41.76,41.97,41.38,41.5,5105
2025-10-10,41.38,41.75,41.3,41.47,3666
2025-10-13,40.02,41.24,39.92,41.07,5697
2025-10-14,41.28,41.44,40.6,40.68,4080
2025-10-15,40.62,41.56,40.52,41.44,6489
2025-10-16,41.4,41.68,41.15,41.49,6870
2025-10-17,41.47,41.9,40.82,40.99,6669
2025-10-20,41.08,41.93,41.08,41.93,6125
2025-10-21,42.13,42.37,41.62,42.28,6015
2025-10-22,42.21,42.83,42.18,42.29,6382
2025-10-23,41.7,42.41,41.5,42.36,7704
2025-10-24,42.45,42.98,42.15,42.97,8241
2025-10-27,43.0,43.31,42.68,43.25,6565
2025-10-28,43.14,43.69,43.03,43.25,5713
2025-10-29,43.15,43.46,42.77,42.84,5771
2025-10-30,42.88,43.65,42.45,42.61,12837
2025-10-31,42.6,43.23,42.45,42.9,12942
2025-11-03,42.92,43.11,42.31,42.75,8860
2025-11-04,42.79,42.93,42.26,42.53,6876
2025-11-05,42.16,42.85,42.01,42.8,6191
2025-11-06,42.68,42.84,42.46,42.66,3125
2025-11-07,42.67,42.78,42.35,42.68,4772
2025-11-10,42.81,43.55,42.68,43.29,6992
2025-11-11,43.52,43.52,43.04,43.39,4492
2025-11-12,43.39,43.74,43.19,43.7,8399
2025-11-13,43.56,43.91,43.32,43.8,6919
2025-11-14,43.62,44.28,43.5,43.96,8595
2025-11-17,44.19,44.19,43.3,43.64,6137
2025-11-18,43.64,43.96,43.38,43.69,6138
2025-11-19,43.78,43.87,42.03,42.1,9383
2025-11-20,42.15,42.39,41.53,41.69,5936
2025-11-21,41.2,41.77,39.5,39.6,8896
2025-11-24,40.11,40.69,39.71,40.53,5674
2025-11-25,40.89,41.54,40.65,41.08,5173
2025-11-26,41.08,41.94,40.54,40.54,5747
2025-11-27,40.5,41.18,40.31,41.1,4232
2025-11-28,41.09,42.05,40.7,41.95,5783
2025-12-01,42.05,43.49,42.03,42.5,9925
2025-12-02,42.16,42.62,41.6,41.68,5035
2025-12-03,41.68,41.74,40.9,41.28,4701
2025-12-04,41.27,41.46,40.56,40.61,4109
2025-12-05,40.68,41.35,40.36,41.19,4693
2025-12-08,41.34,42.28,41.22,41.61,5214
2025-12-09,41.5,41.99,41.22,41.28,3605
2025-12-10,41.05,41.43,40.76,41.03,3340
2025-12-11,41.04,41.14,40.05,40.12,5214
2025-12-12,40.2,40.58,39.99,40.11,3693
2025-12-15,39.9,40.08,39.52,39.71,4284
2025-12-16,39.7,39.83,39.07,39.14,4729
2025-12-17,39.1,39.28,38.34,39.09,5623
2025-12-18,39.09,39.79,38.89,39.6,4480
2025-12-19,39.5,40.09,39.5,40.06,3976
2025-12-22,39.66,40.36,39.66,39.91,4143
2025-12-23,39.81,40.16,39.61,39.79,4626
2025-12-24,39.77,40.02,39.53,39.92,3473
2025-12-25,39.92,40.38,39.8,40.24,3138
2025-12-26,40.6,40.6,39.78,39.85,3450
2025-12-29,39.66,40.18,39.53,40.03,3408
2025-12-30,40.14,40.14,39.53,39.63,4228
2025-12-31,39.96,39.99,39.47,39.73,4276
2026-01-05,40.17,41.08,40.07,40.85,6879
2026-01-06,41.09,41.41,40.83,40.86,5718
2026-01-07,40.92,41.31,40.83,41.02,4350
2026-01-08,40.98,41.96,40.81,41.85,7010
2026-01-09,41.69,42.77,41.69,42.53,7271
2026-01-12,42.79,43.46,42.37,43.04,8550
2026-01-13,43.25,49.48,43.25,46.21,59530
2026-01-14,45.22,47.45,44.46,45.23,47485
2026-01-15,44.5,45.8,44.25,45.06,23846
2026-01-16,45.31,45.5,43.84,44.35,19957
2026-01-19,44.1,44.62,43.85,44.32,11261
2026-01-20,44.25,45.77,43.91,44.7,18127
2026-01-21,44.44,45.24,44.01,45.1,10880
2026-01-22,44.89,45.24,44.85,45.13,8179
2026-01-23,45.07,45.96,45.07,45.89,12578
2026-01-26,45.9,45.93,44.84,45.11,12350
2026-01-27,45.15,45.39,43.23,45.15,15623
2026-01-28,45.15,45.15,43.77,43.99,10042
2026-01-29,44.0,45.19,43.66,44.22,11171
2026-01-30,44.0,45.11,43.9,44.72,11154
2026-02-02,44.39,45.45,44.1,44.15,11251
2026-02-03,44.44,44.99,44.31,44.92,7997
2026-02-04,44.98,45.1,44.52,44.83,7207
2026-02-05,45.09,45.14,44.3,44.3,7094
2026-02-06,44.33,45.16,44.07,44.68,9016
2026-02-09,45.13,45.13,44.51,44.75,6788
2026-02-10,44.68,45.12,44.53,44.92,6876
2026-02-11,44.8,45.59,44.71,45.19,7959
2026-02-12,45.18,45.35,44.75,45.02,6411
2026-02-13,45.07,45.15,44.3,44.57,6126
2026-02-24,44.93,45.46,44.61,44.99,9380
2026-02-25,45.28,45.4,44.82,45.0,7569
2026-02-26,45.21,45.21,44.3,44.64,10071
2026-02-27,44.86,44.86,44.02,44.71,11418
2026-03-02,44.3,44.56,42.81,43.35,10978
2026-03-03,43.25,43.93,42.05,42.05,8325
2026-03-04,42.0,42.6,41.47,41.74,6422
2026-03-05,42.29,42.54,41.5,41.73,5381
2026-03-06,41.7,43.45,41.45,43.2,7828
2026-03-09,42.5,43.37,42.4,43.08,6624
2026-03-10,43.31,44.05,43.17,43.94,6195
2026-03-11,44.01,44.17,43.33,43.68,4939
2026-03-12,43.66,43.8,42.81,42.99,5680
2026-03-13,42.81,43.49,42.54,42.95,3809
2026-03-16,43.38,43.38,42.31,42.7,5105
2026-03-17,42.99,42.99,41.68,41.75,4273
2026-03-18,41.94,42.79,41.47,42.76,6360
2026-03-19,42.3,42.51,41.03,41.28,5903
2026-03-20,41.3,41.87,40.37,40.37,6289
2026-03-23,40.27,40.27,37.83,38.15,8415
2026-03-24,38.7,39.86,38.5,39.82,8845
2026-03-25,40.03,40.79,39.82,40.42,5874
2026-03-26,40.8,41.0,39.66,39.99,5027
2026-03-27,39.83,41.5,39.51,41.33,6919
2026-03-30,41.08,42.65,40.8,42.0,12021
2026-03-31,42.1,43.08,41.8,42.05,9316
2026-04-01,42.58,44.9,42.11,44.65,24540
2026-04-02,44.29,45.76,44.16,44.99,22882
2026-04-03,44.9,44.9,43.23,43.3,11914
2026-04-07,43.6,44.5,42.42,43.65,12255
2026-04-08,44.52,44.99,43.78,44.0,10553
2026-04-09,43.78,44.13,42.3,42.6,11226
2026-04-10,42.62,43.88,42.22,43.26,9290
2026-04-13,43.1,43.11,42.42,42.83,6512
2026-04-14,43.28,43.28,42.36,43.24,7699
2026-04-15,43.79,46.5,43.38,45.9,30791
2026-04-16,45.26,45.39,44.46,44.8,18410
2026-04-17,44.79,44.79,43.71,44.28,12140
2026-04-20,44.13,44.53,43.93,44.31,9794
2026-04-21,44.1,44.39,43.41,43.98,9607
2026-04-22,43.9,44.01,43.42,43.65,6216
2026-04-23,43.46,43.46,40.31,40.94,22591
2026-04-24,40.79,41.35,40.1,41.07,8745
2026-04-27,40.86,42.26,40.7,42.03,8836
2026-04-28,42.1,42.68,41.66,41.84,7352
2026-04-29,41.62,42.5,41.35,42.1,7507
